-- phpMyAdmin SQL Dump
-- version 5.2.1
-- https://www.phpmyadmin.net/
--
-- Máy chủ: 127.0.0.1
-- Thời gian đã tạo: Th4 19, 2024 lúc 09:36 AM
-- Phiên bản máy phục vụ: 10.4.28-MariaDB
-- Phiên bản PHP: 8.0.28

SET SQL_MODE = "NO_AUTO_VALUE_ON_ZERO";
START TRANSACTION;
SET time_zone = "+00:00";


/*!40101 SET @OLD_CHARACTER_SET_CLIENT=@@CHARACTER_SET_CLIENT */;
/*!40101 SET @OLD_CHARACTER_SET_RESULTS=@@CHARACTER_SET_RESULTS */;
/*!40101 SET @OLD_COLLATION_CONNECTION=@@COLLATION_CONNECTION */;
/*!40101 SET NAMES utf8mb4 */;

--
-- Cơ sở dữ liệu: `cinema`
--

-- --------------------------------------------------------

--
-- Cấu trúc bảng cho bảng `banners`
--

CREATE TABLE `banners` (
  `id` bigint(20) UNSIGNED NOT NULL,
  `image` text NOT NULL,
  `status` tinyint(1) NOT NULL DEFAULT 0,
  `created_at` timestamp NULL DEFAULT NULL,
  `updated_at` timestamp NULL DEFAULT NULL
) ENGINE=InnoDB DEFAULT CHARSET=utf8mb4 COLLATE=utf8mb4_unicode_ci;

--
-- Đang đổ dữ liệu cho bảng `banners`
--

INSERT INTO `banners` (`id`, `image`, `status`, `created_at`, `updated_at`) VALUES
(1, 'banner-bg1.jpg', 1, '2024-04-08 23:39:25', '2024-04-08 23:46:44'),
(2, 'banner-bg2.jpg', 1, '2024-04-08 23:46:49', '2024-04-08 23:47:20'),
(3, 'banner-bg3.jpg', 1, '2024-04-08 23:48:29', '2024-04-08 23:48:33');

-- --------------------------------------------------------

--
-- Cấu trúc bảng cho bảng `combos`
--

CREATE TABLE `combos` (
  `id` bigint(20) UNSIGNED NOT NULL,
  `name` varchar(255) NOT NULL,
  `image` text NOT NULL,
  `price` int(11) NOT NULL,
  `status` tinyint(1) NOT NULL DEFAULT 0,
  `created_at` timestamp NULL DEFAULT NULL,
  `updated_at` timestamp NULL DEFAULT NULL
) ENGINE=InnoDB DEFAULT CHARSET=utf8mb4 COLLATE=utf8mb4_unicode_ci;

--
-- Đang đổ dữ liệu cho bảng `combos`
--

INSERT INTO `combos` (`id`, `name`, `image`, `price`, `status`, `created_at`, `updated_at`) VALUES
(1, 'Combo bắp nước', 'bapnuoc.jpg', 65000, 1, '2024-02-23 18:14:25', '2024-03-07 00:08:02');

-- --------------------------------------------------------

--
-- Cấu trúc bảng cho bảng `combo_details`
--

CREATE TABLE `combo_details` (
  `combo_id` bigint(20) UNSIGNED NOT NULL,
  `food_id` bigint(20) UNSIGNED NOT NULL,
  `quantity` int(11) NOT NULL DEFAULT 0,
  `created_at` timestamp NULL DEFAULT NULL,
  `updated_at` timestamp NULL DEFAULT NULL
) ENGINE=InnoDB DEFAULT CHARSET=utf8mb4 COLLATE=utf8mb4_unicode_ci;

--
-- Đang đổ dữ liệu cho bảng `combo_details`
--

INSERT INTO `combo_details` (`combo_id`, `food_id`, `quantity`, `created_at`, `updated_at`) VALUES
(1, 1, 1, NULL, NULL),
(1, 2, 1, NULL, NULL);

-- --------------------------------------------------------

--
-- Cấu trúc bảng cho bảng `foods`
--

CREATE TABLE `foods` (
  `id` bigint(20) UNSIGNED NOT NULL,
  `name` varchar(255) NOT NULL,
  `image` text NOT NULL,
  `price` int(11) NOT NULL,
  `status` tinyint(1) NOT NULL DEFAULT 0,
  `created_at` timestamp NULL DEFAULT NULL,
  `updated_at` timestamp NULL DEFAULT NULL
) ENGINE=InnoDB DEFAULT CHARSET=utf8mb4 COLLATE=utf8mb4_unicode_ci;

--
-- Đang đổ dữ liệu cho bảng `foods`
--

INSERT INTO `foods` (`id`, `name`, `image`, `price`, `status`, `created_at`, `updated_at`) VALUES
(1, 'Bắp rang', 'bap.png', 50000, 1, '2024-01-29 03:20:31', '2024-01-29 03:20:33'),
(2, 'Nước', 'nuoc.jpg', 30000, 1, '2024-01-29 03:20:48', '2024-01-29 03:20:50');

-- --------------------------------------------------------

--
-- Cấu trúc bảng cho bảng `info`
--

CREATE TABLE `info` (
  `id` int(10) UNSIGNED NOT NULL,
  `logo` varchar(255) NOT NULL,
  `name` varchar(255) DEFAULT NULL,
  `phone` varchar(255) DEFAULT NULL,
  `email` varchar(255) DEFAULT NULL,
  `facebook` varchar(255) DEFAULT NULL,
  `twitter` varchar(255) DEFAULT NULL,
  `instagram` varchar(255) DEFAULT NULL,
  `youtube` varchar(255) DEFAULT NULL,
  `worktime` varchar(255) DEFAULT NULL,
  `copyright` varchar(255) DEFAULT NULL,
  `created_at` timestamp NULL DEFAULT NULL,
  `updated_at` timestamp NULL DEFAULT NULL
) ENGINE=InnoDB DEFAULT CHARSET=utf8mb4 COLLATE=utf8mb4_unicode_ci;

--
-- Đang đổ dữ liệu cho bảng `info`
--

INSERT INTO `info` (`id`, `logo`, `name`, `phone`, `email`, `facebook`, `twitter`, `instagram`, `youtube`, `worktime`, `copyright`, `created_at`, `updated_at`) VALUES
(1, 'logo.png', 'Cinema', '0907983329', 'cinema@gmail.com', NULL, NULL, NULL, NULL, '8.00 AM - 12.00 PM', 'B2005712', '2024-03-01 00:15:48', '2024-03-01 00:15:48');

-- --------------------------------------------------------

--
-- Cấu trúc bảng cho bảng `moviegenres_movies`
--

CREATE TABLE `moviegenres_movies` (
  `movie_id` bigint(20) UNSIGNED NOT NULL,
  `movieGenre_id` bigint(20) UNSIGNED NOT NULL,
  `created_at` timestamp NULL DEFAULT NULL,
  `updated_at` timestamp NULL DEFAULT NULL
) ENGINE=InnoDB DEFAULT CHARSET=utf8mb4 COLLATE=utf8mb4_unicode_ci;

--
-- Đang đổ dữ liệu cho bảng `moviegenres_movies`
--

INSERT INTO `moviegenres_movies` (`movie_id`, `movieGenre_id`, `created_at`, `updated_at`) VALUES
(4, 8, NULL, NULL),
(4, 18, NULL, NULL),
(3, 1, NULL, NULL),
(3, 11, NULL, NULL),
(2, 1, NULL, NULL),
(2, 5, NULL, NULL),
(1, 1, NULL, NULL),
(1, 2, NULL, NULL);

-- --------------------------------------------------------

--
-- Cấu trúc bảng cho bảng `movies`
--

CREATE TABLE `movies` (
  `id` bigint(20) UNSIGNED NOT NULL,
  `name` varchar(255) NOT NULL,
  `image` text NOT NULL,
  `showTime` int(11) DEFAULT NULL,
  `releaseDate` date NOT NULL,
  `endDate` date DEFAULT NULL,
  `national` varchar(255) NOT NULL,
  `description` text DEFAULT NULL,
  `director` varchar(255) NOT NULL,
  `cast` varchar(255) NOT NULL,
  `trailer` text DEFAULT NULL,
  `rating_id` bigint(20) UNSIGNED NOT NULL,
  `status` tinyint(1) NOT NULL DEFAULT 0,
  `created_at` timestamp NULL DEFAULT NULL,
  `updated_at` timestamp NULL DEFAULT NULL
) ENGINE=InnoDB DEFAULT CHARSET=utf8mb4 COLLATE=utf8mb4_unicode_ci;

--
-- Đang đổ dữ liệu cho bảng `movies`
--

INSERT INTO `movies` (`id`, `name`, `image`, `showTime`, `releaseDate`, `endDate`, `national`, `description`, `director`, `cast`, `trailer`, `rating_id`, `status`, `created_at`, `updated_at`) VALUES
(1, 'Sói Già Phố Wall', 'The_Wolf_of_Wall_Street.png', 180, '2024-03-31', '2024-04-30', 'United States', 'The Wolf of Wall Street (tạm dịch: Sói già phố Wall) là một bộ phim thuộc thể loại tiểu sử hài kịch. Kịch bản được viết bởi Terence Winter và phim được chuyển thể từ cuốn hồi ký cùng tên bởi Jordan Belfort kể lại dưới danh nghĩa của nhân vật Belfort nói về sự nghiệp của mình - một nhà môi giới chứng khoán tại Thành phố New York', 'Martin Scorsese', 'Leonardo DiCaprio, Jonah Hill, Margot Robbie', 'https://www.youtube.com/embed/iszwuX1AK6A', 3, 1, '2024-02-22 13:40:07', '2024-03-31 00:13:36'),
(2, 'Kẻ đánh cắp giấc mơ', 'Inception.jpg', 150, '2024-03-31', '2024-04-30', 'United Kingdom', 'Kẻ đánh cấp giấc mơ là một bộ phim điện ảnh Anh – Mỹ thuộc thể loại hành động – khoa học viễn tưởng ra mắt năm 2010 do Christopher Nolan làm đạo diễn, viết kịch bản và đồng sản xuất.', 'Christopher Nolan', 'Leonardo DiCaprio, Ken Watanabe, Joseph Gordon-Levitt', 'https://www.youtube.com/embed/y2TCjYiTGIo?si=NobmwJ-WHi4pin9S', 3, 1, '2024-02-22 13:50:55', '2024-03-31 00:13:27'),
(3, 'Kung Fu Panda', 'Kung_Fu_Panda.png', 91, '2024-03-31', '2024-04-30', 'United States', 'Kung Fu Panda là một bộ phim hoạt hình 3D của hãng DreamWorks do hai đạo diễn sáng lập nên là John Stevenson và Mark Osborne, được sản xuất bởi Melissa Cobb. Bộ phim nói về một chú gấu trúc thích học võ thuật Kung Fu nhưng không được cha đồng ý vì bị bắt buộc phải nối nghiệp bán mì của cha mình.', 'John Stevenson, Mark Osborne', 'Jack Black, Dustin Hoffman, Angelina Jolie', 'https://www.youtube.com/embed/PXi3Mv6KMzY?si=TubWSlwb6oJT7Ny-', 5, 1, '2024-02-29 18:22:58', '2024-03-31 00:13:13'),
(4, 'Người vợ cuối cùng', 'thelastwife.png', 132, '2024-03-31', '2024-04-30', 'Viet Nam', 'Lấy cảm hứng từ tiểu thuyết Hồ Oán Hận, của nhà văn Hồng Thái, Người Vợ Cuối Cùng là một bộ phim tâm lý cổ trang, lấy bối cảnh Việt Nam vào triều Nguyễn. LINH - Người vợ bất đắc dĩ của một viên quan tri huyện, xuất thân là con của một gia đình nông dân nghèo khó, vì không thể hoàn thành nghĩa vụ sinh con nối dõi nên đã chịu sự chèn ép của những người vợ lớn trong gia đình. Sự gặp gỡ tình cờ của cô và người yêu thời thanh mai trúc mã của mình - NH N đã dẫn đến nhiều câu chuyện bất ngờ xảy ra khiến cuộc sống cô hoàn toàn thay đổi.', 'Victor Vũ', 'Kaity Nguyễn, Thuận Nguyễn', 'https://youtu.be/ygvNCEbMusE?si=xUrfNx6P_aA-fzkq', 3, 1, '2024-03-14 22:10:31', '2024-03-31 00:13:03');

-- --------------------------------------------------------

--
-- Cấu trúc bảng cho bảng `movie_genres`
--

CREATE TABLE `movie_genres` (
  `id` bigint(20) UNSIGNED NOT NULL,
  `name` varchar(255) NOT NULL,
  `status` tinyint(1) NOT NULL DEFAULT 0,
  `created_at` timestamp NULL DEFAULT NULL,
  `updated_at` timestamp NULL DEFAULT NULL
) ENGINE=InnoDB DEFAULT CHARSET=utf8mb4 COLLATE=utf8mb4_unicode_ci;

--
-- Đang đổ dữ liệu cho bảng `movie_genres`
--

INSERT INTO `movie_genres` (`id`, `name`, `status`, `created_at`, `updated_at`) VALUES
(1, 'Hành Động', 1, '2024-01-28 23:16:17', '2024-01-28 23:16:17'),
(2, 'Hài Kịch', 1, '2024-01-28 23:16:17', '2024-01-28 23:16:17'),
(3, 'Kinh Dị', 1, '2024-01-28 23:16:17', '2024-01-28 23:16:17'),
(4, 'Viễn Tưởng', 1, '2024-01-28 23:16:17', '2024-01-28 23:16:17'),
(5, 'Giả Tưởng', 1, '2024-01-28 23:16:17', '2024-01-28 23:16:17'),
(6, 'Chiến Tranh', 1, '2024-01-28 23:16:17', '2024-01-28 23:16:17'),
(7, 'Trinh Thám', 1, '2024-01-28 23:16:17', '2024-01-28 23:16:17'),
(8, 'Tình Cảm', 1, '2024-01-28 23:16:17', '2024-01-28 23:16:17'),
(9, 'Lãng Mạn', 1, '2024-01-28 23:16:17', '2024-01-28 23:16:17'),
(10, 'Ca Nhạc', 1, '2024-01-28 23:16:17', '2024-01-28 23:16:17'),
(11, 'Hoạt Hình', 1, '2024-01-28 23:16:17', '2024-01-28 23:16:17'),
(12, 'Trẻ Em', 1, '2024-01-28 23:16:17', '2024-01-28 23:16:17'),
(13, 'Gia Đình', 1, '2024-01-28 23:16:17', '2024-01-28 23:16:17'),
(14, 'Phiêu Lưu', 1, '2024-01-28 23:16:17', '2024-01-28 23:16:17'),
(15, 'Lịch Sử', 1, '2024-01-28 23:16:17', '2024-01-28 23:16:17'),
(16, 'Thể Thao', 1, '2024-01-28 23:16:17', '2024-01-28 23:16:17'),
(17, 'Tài Liệu', 1, '2024-01-28 23:16:17', '2024-01-29 07:41:13'),
(18, 'Tâm Lý', 1, '2024-01-28 23:16:17', '2023-01-28 22:57:52'),
(22, 'test', 0, '2023-08-11 19:11:58', '2023-01-28 19:12:00');

-- --------------------------------------------------------

--
-- Cấu trúc bảng cho bảng `prices`
--

CREATE TABLE `prices` (
  `id` bigint(20) UNSIGNED NOT NULL,
  `price` int(11) NOT NULL DEFAULT 0,
  `day` varchar(255) NOT NULL,
  `after` time NOT NULL DEFAULT '08:00:00',
  `generation` varchar(255) NOT NULL,
  `created_at` timestamp NULL DEFAULT NULL,
  `updated_at` timestamp NULL DEFAULT NULL
) ENGINE=InnoDB DEFAULT CHARSET=utf8mb4 COLLATE=utf8mb4_unicode_ci;

--
-- Đang đổ dữ liệu cho bảng `prices`
--

INSERT INTO `prices` (`id`, `price`, `day`, `after`, `generation`, `created_at`, `updated_at`) VALUES
(1, 70000, 'Monday, Tuesday, Wednesday, Thursday', '08:00:00', 'hssv', '2024-01-28 10:00:00', '2024-01-28 10:00:00'),
(2, 80000, 'Monday, Tuesday, Wednesday, Thursday', '17:00:00', 'hssv', '2024-01-28 10:00:00', '2024-01-28 10:00:00'),
(3, 80000, 'Monday, Tuesday, Wednesday, Thursday', '08:00:00', 'nl', '2024-01-28 10:00:00', '2024-01-28 10:00:00'),
(4, 90000, 'Monday, Tuesday, Wednesday, Thursday', '17:00:00', 'nl', '2024-01-28 10:00:00', '2024-01-28 10:00:00'),
(5, 60000, 'Monday, Tuesday, Wednesday, Thursday', '08:00:00', 'nctte', '2024-01-28 10:00:00', '2024-01-28 10:00:00'),
(6, 70000, 'Monday, Tuesday, Wednesday, Thursday', '17:00:00', 'nctte', '2024-01-28 10:00:00', '2024-01-28 10:00:00'),
(7, 75000, 'Monday, Tuesday, Wednesday, Thursday', '08:00:00', 'vtt', '2024-01-28 10:00:00', '2024-01-28 10:00:00'),
(8, 85000, 'Monday, Tuesday, Wednesday, Thursday', '17:00:00', 'vtt', '2024-01-28 10:00:00', '2024-01-28 10:00:00'),
(9, 80000, 'Friday, Saturday, Sunday', '08:00:00', 'hssv', '2024-01-28 10:00:00', '2024-01-28 10:00:00'),
(10, 100000, 'Friday, Saturday, Sunday', '17:00:00', 'hssv', '2024-01-28 10:00:00', '2024-01-28 10:00:00'),
(11, 90000, 'Friday, Saturday, Sunday', '08:00:00', 'nl', '2024-01-28 10:00:00', '2024-01-28 10:00:00'),
(12, 120000, 'Friday, Saturday, Sunday', '17:00:00', 'nl', '2024-01-28 10:00:00', '2024-01-28 10:00:00'),
(13, 70000, 'Friday, Saturday, Sunday', '08:00:00', 'nctte', '2024-01-28 10:00:00', '2024-01-28 10:00:00'),
(14, 80000, 'Friday, Saturday, Sunday', '17:00:00', 'nctte', '2024-01-28 10:00:00', '2024-01-28 10:00:00'),
(15, 85000, 'Friday, Saturday, Sunday', '08:00:00', 'vtt', '2024-01-28 10:00:00', '2024-01-28 10:00:00'),
(16, 90000, 'Friday, Saturday, Sunday', '17:00:00', 'vtt', '2024-01-28 10:00:00', '2024-01-28 10:00:00');

-- --------------------------------------------------------

--
-- Cấu trúc bảng cho bảng `rating`
--

CREATE TABLE `rating` (
  `id` bigint(20) UNSIGNED NOT NULL,
  `name` varchar(255) NOT NULL,
  `description` varchar(255) NOT NULL,
  `created_at` timestamp NULL DEFAULT NULL,
  `updated_at` timestamp NULL DEFAULT NULL
) ENGINE=InnoDB DEFAULT CHARSET=utf8mb4 COLLATE=utf8mb4_unicode_ci;

--
-- Đang đổ dữ liệu cho bảng `rating`
--

INSERT INTO `rating` (`id`, `name`, `description`, `created_at`, `updated_at`) VALUES
(1, 'C13', 'PHIM ĐƯỢC PHỔ BIẾN ĐẾN NGƯỜI XEM TỪ ĐỦ 13 TUỔI TRỞ LÊN (13+)', NULL, NULL),
(2, 'C16', 'PHIM ĐƯỢC PHỔ BIẾN ĐẾN NGƯỜI XEM TỪ ĐỦ 16 TUỔI TRỞ LÊN (16+)', NULL, NULL),
(3, 'C18', 'PHIM ĐƯỢC PHỔ BIẾN ĐẾN NGƯỜI XEM TỪ ĐỦ 18 TUỔI TRỞ LÊN (18+)', NULL, NULL),
(4, 'P', 'PHIM ĐƯỢC PHÉP PHỔ BIẾN ĐẾN NGƯỜI XEM Ở MỌI ĐỘ TUỔI.', NULL, NULL),
(5, 'K', 'PHIM ĐƯỢC PHỔ BIẾN ĐẾN NGƯỜI XEM DƯỚI 13 TUỔI VÀ CÓ NGƯỜI BẢO HỘ ĐI KÈM.', NULL, NULL);

-- --------------------------------------------------------

--
-- Cấu trúc bảng cho bảng `rooms`
--

CREATE TABLE `rooms` (
  `id` bigint(20) UNSIGNED NOT NULL,
  `name` varchar(255) NOT NULL,
  `roomType_id` bigint(20) UNSIGNED NOT NULL,
  `theater_id` bigint(20) UNSIGNED NOT NULL,
  `status` tinyint(1) NOT NULL DEFAULT 0,
  `created_at` timestamp NULL DEFAULT NULL,
  `updated_at` timestamp NULL DEFAULT NULL
) ENGINE=InnoDB DEFAULT CHARSET=utf8mb4 COLLATE=utf8mb4_unicode_ci;

--
-- Đang đổ dữ liệu cho bảng `rooms`
--

INSERT INTO `rooms` (`id`, `name`, `roomType_id`, `theater_id`, `status`, `created_at`, `updated_at`) VALUES
(1, 'Phòng 1', 1, 1, 1, '2024-03-14 18:48:55', '2024-03-14 18:49:26'),
(2, 'Phòng 2', 1, 1, 1, '2024-03-14 18:49:05', '2024-03-14 18:49:26'),
(3, 'Phòng 1', 1, 2, 1, '2024-03-14 18:49:21', '2024-03-14 18:55:42');

-- --------------------------------------------------------

--
-- Cấu trúc bảng cho bảng `roomtypes`
--

CREATE TABLE `roomtypes` (
  `id` bigint(20) UNSIGNED NOT NULL,
  `name` varchar(255) NOT NULL,
  `surcharge` int(11) NOT NULL DEFAULT 0,
  `created_at` timestamp NULL DEFAULT NULL,
  `updated_at` timestamp NULL DEFAULT NULL
) ENGINE=InnoDB DEFAULT CHARSET=utf8mb4 COLLATE=utf8mb4_unicode_ci;

--
-- Đang đổ dữ liệu cho bảng `roomtypes`
--

INSERT INTO `roomtypes` (`id`, `name`, `surcharge`, `created_at`, `updated_at`) VALUES
(1, '2D', 0, NULL, '2023-08-11 19:19:31'),
(2, '3D', 50000, NULL, '2023-08-11 19:19:31'),
(3, '4D', 60000, NULL, NULL),
(4, 'IMAX', 100000, NULL, NULL);

-- --------------------------------------------------------

--
-- Cấu trúc bảng cho bảng `schedules`
--

CREATE TABLE `schedules` (
  `id` bigint(20) UNSIGNED NOT NULL,
  `room_id` bigint(20) UNSIGNED NOT NULL,
  `movie_id` bigint(20) UNSIGNED NOT NULL,
  `audio` varchar(255) NOT NULL,
  `subtitle` varchar(255) NOT NULL,
  `date` date NOT NULL,
  `startTime` time NOT NULL,
  `endTime` time NOT NULL,
  `early` tinyint(1) NOT NULL DEFAULT 0,
  `status` tinyint(1) NOT NULL DEFAULT 0,
  `created_at` timestamp NULL DEFAULT NULL,
  `updated_at` timestamp NULL DEFAULT NULL
) ENGINE=InnoDB DEFAULT CHARSET=utf8mb4 COLLATE=utf8mb4_unicode_ci;

--
-- Đang đổ dữ liệu cho bảng `schedules`
--

INSERT INTO `schedules` (`id`, `room_id`, `movie_id`, `audio`, `subtitle`, `date`, `startTime`, `endTime`, `early`, `status`, `created_at`, `updated_at`) VALUES
(2, 2, 1, 'en', 'en', '2024-03-15', '08:00:00', '11:00:00', 0, 0, '2024-03-14 18:50:09', '2024-04-14 06:47:37'),
(4, 2, 2, 'en', 'en', '2024-03-15', '11:10:00', '13:40:00', 0, 0, '2024-03-14 18:50:33', '2024-04-14 06:47:37'),
(6, 2, 1, 'en', 'en', '2024-03-15', '13:50:00', '16:50:00', 0, 0, '2024-03-14 18:50:53', '2024-04-14 06:47:37'),
(7, 2, 2, 'en', 'en', '2024-03-15', '17:00:00', '19:30:00', 0, 0, '2024-03-14 18:51:04', '2024-04-14 06:47:37'),
(9, 1, 3, 'en', 'en', '2024-03-16', '08:00:00', '09:35:00', 0, 0, '2024-03-14 18:51:28', '2024-04-14 06:47:37'),
(10, 2, 2, 'en', 'en', '2024-03-16', '08:00:00', '10:30:00', 0, 0, '2024-03-14 18:51:35', '2024-04-14 06:47:37'),
(11, 1, 2, 'en', 'en', '2024-03-16', '09:45:00', '12:15:00', 0, 0, '2024-03-14 18:51:43', '2024-04-14 06:47:37'),
(12, 2, 3, 'en', 'en', '2024-03-16', '10:40:00', '12:15:00', 0, 0, '2024-03-14 18:51:55', '2024-04-14 06:47:37'),
(13, 1, 1, 'en', 'en', '2024-03-16', '12:25:00', '15:25:00', 0, 0, '2024-03-14 18:52:12', '2024-04-14 06:47:37'),
(14, 2, 1, 'en', 'en', '2024-03-16', '12:25:00', '15:25:00', 0, 0, '2024-03-14 18:52:26', '2024-04-14 06:47:37'),
(15, 2, 3, 'en', 'en', '2024-03-16', '15:35:00', '17:10:00', 0, 0, '2024-03-14 18:52:38', '2024-04-14 06:47:37'),
(16, 1, 3, 'en', 'en', '2024-03-16', '15:35:00', '17:10:00', 0, 0, '2024-03-14 18:52:46', '2024-04-14 06:47:37'),
(17, 1, 3, 'en', 'vn', '2024-03-16', '17:20:00', '18:55:00', 0, 0, '2024-03-14 18:52:46', '2024-04-14 06:47:37'),
(18, 1, 3, 'en', 'vn', '2024-03-16', '19:05:00', '20:40:00', 0, 0, '2024-03-14 18:52:46', '2024-04-14 06:47:37'),
(19, 1, 3, 'en', 'vn', '2024-03-16', '20:50:00', '22:25:00', 0, 0, '2024-03-14 18:52:46', '2024-04-14 06:47:37'),
(20, 2, 2, 'en', 'vn', '2024-03-16', '17:20:00', '19:50:00', 0, 0, '2024-03-14 18:53:01', '2024-04-14 06:47:37'),
(21, 2, 2, 'en', 'vn', '2024-03-16', '20:00:00', '22:30:00', 0, 0, '2024-03-14 18:53:01', '2024-04-14 06:47:37'),
(38, 1, 1, 'vn', 'vn', '2024-03-15', '08:00:00', '11:00:00', 0, 0, '2024-03-14 18:54:07', '2024-04-14 06:47:37'),
(39, 1, 2, 'vn', 'vn', '2024-03-15', '11:10:00', '13:40:00', 0, 0, '2024-03-14 18:54:11', '2024-04-14 06:47:37'),
(40, 1, 2, 'vn', 'vn', '2024-03-15', '13:50:00', '16:20:00', 0, 0, '2024-03-14 18:54:14', '2024-04-14 06:47:37'),
(41, 1, 1, 'vn', 'vn', '2024-03-15', '16:30:00', '19:30:00', 0, 0, '2024-03-14 18:54:17', '2024-04-14 06:47:37'),
(42, 1, 2, 'vn', 'vn', '2024-03-15', '19:40:00', '22:10:00', 0, 0, '2024-03-14 18:54:20', '2024-04-14 06:47:37'),
(43, 2, 2, 'en', 'en', '2024-03-15', '19:40:00', '22:10:00', 0, 0, '2024-03-14 18:54:32', '2024-04-14 06:47:37'),
(44, 1, 1, 'vn', 'vn', '2024-04-07', '08:00:00', '11:00:00', 0, 0, '2024-04-06 19:32:16', '2024-04-14 06:47:37'),
(45, 1, 1, 'vn', 'vn', '2024-04-07', '11:10:00', '14:10:00', 0, 0, '2024-04-06 19:32:17', '2024-04-14 06:47:37'),
(46, 1, 1, 'vn', 'vn', '2024-04-07', '14:20:00', '17:20:00', 0, 0, '2024-04-06 19:32:17', '2024-04-14 06:47:37'),
(47, 1, 1, 'vn', 'vn', '2024-04-07', '17:30:00', '20:30:00', 0, 0, '2024-04-06 19:32:17', '2024-04-14 06:47:37'),
(48, 1, 1, 'vn', 'vn', '2024-04-07', '20:40:00', '23:40:00', 0, 0, '2024-04-06 19:32:17', '2024-04-14 06:47:37'),
(49, 1, 1, 'vn', 'vn', '2024-04-14', '08:00:00', '11:00:00', 0, 1, '2024-04-14 06:47:37', '2024-04-14 06:47:41'),
(50, 1, 1, 'vn', 'vn', '2024-04-14', '11:10:00', '14:10:00', 0, 1, '2024-04-14 06:47:37', '2024-04-14 06:47:41'),
(51, 1, 1, 'vn', 'vn', '2024-04-14', '14:20:00', '17:20:00', 0, 1, '2024-04-14 06:47:37', '2024-04-14 06:47:41'),
(52, 1, 1, 'vn', 'vn', '2024-04-14', '17:30:00', '20:30:00', 0, 1, '2024-04-14 06:47:37', '2024-04-14 06:47:41'),
(53, 1, 1, 'vn', 'vn', '2024-04-14', '20:40:00', '23:40:00', 0, 1, '2024-04-14 06:47:37', '2024-04-14 06:47:41');

-- --------------------------------------------------------

--
-- Cấu trúc bảng cho bảng `seats`
--

CREATE TABLE `seats` (
  `id` bigint(20) UNSIGNED NOT NULL,
  `row` varchar(255) NOT NULL,
  `col` int(11) NOT NULL,
  `seatType_id` bigint(20) UNSIGNED NOT NULL,
  `room_id` bigint(20) UNSIGNED NOT NULL,
  `status` varchar(255) NOT NULL DEFAULT '1',
  `created_at` timestamp NULL DEFAULT NULL,
  `updated_at` timestamp NULL DEFAULT NULL
) ENGINE=InnoDB DEFAULT CHARSET=utf8mb4 COLLATE=utf8mb4_unicode_ci;

--
-- Đang đổ dữ liệu cho bảng `seats`
--

INSERT INTO `seats` (`id`, `row`, `col`, `seatType_id`, `room_id`, `status`, `created_at`, `updated_at`) VALUES
(1, 'A', 1, 1, 1, '1', '2024-03-14 18:48:55', '2024-03-14 18:48:55'),
(2, 'A', 2, 1, 1, '1', '2024-03-14 18:48:55', '2024-03-14 18:48:55'),
(3, 'A', 3, 1, 1, '1', '2024-03-14 18:48:55', '2024-03-14 18:48:55'),
(4, 'A', 4, 1, 1, '1', '2024-03-14 18:48:55', '2024-03-14 18:48:55'),
(5, 'A', 5, 1, 1, '1', '2024-03-14 18:48:55', '2024-03-14 18:48:55'),
(6, 'A', 6, 1, 1, '1', '2024-03-14 18:48:55', '2024-03-14 18:48:55'),
(7, 'A', 7, 1, 1, '1', '2024-03-14 18:48:55', '2024-03-14 18:48:55'),
(8, 'A', 8, 1, 1, '1', '2024-03-14 18:48:55', '2024-03-14 18:48:55'),
(9, 'A', 9, 1, 1, '1', '2024-03-14 18:48:55', '2024-03-14 18:48:55'),
(10, 'A', 10, 1, 1, '1', '2024-03-14 18:48:55', '2024-03-14 18:48:55'),
(11, 'A', 11, 1, 1, '1', '2024-03-14 18:48:55', '2024-03-14 18:48:55'),
(12, 'A', 12, 1, 1, '1', '2024-03-14 18:48:55', '2024-03-14 18:48:55'),
(13, 'A', 13, 1, 1, '1', '2024-03-14 18:48:55', '2024-03-14 18:48:55'),
(14, 'A', 14, 1, 1, '1', '2024-03-14 18:48:55', '2024-03-14 18:48:55'),
(15, 'A', 15, 1, 1, '1', '2024-03-14 18:48:55', '2024-03-14 18:48:55'),
(16, 'B', 1, 1, 1, '1', '2024-03-14 18:48:55', '2024-03-14 18:48:55'),
(17, 'B', 2, 1, 1, '1', '2024-03-14 18:48:55', '2024-03-14 18:48:55'),
(18, 'B', 3, 1, 1, '1', '2024-03-14 18:48:55', '2024-03-14 18:48:55'),
(19, 'B', 4, 1, 1, '1', '2024-03-14 18:48:55', '2024-03-14 18:48:55'),
(20, 'B', 5, 1, 1, '1', '2024-03-14 18:48:55', '2024-03-14 18:48:55'),
(21, 'B', 6, 1, 1, '1', '2024-03-14 18:48:55', '2024-03-14 18:48:55'),
(22, 'B', 7, 1, 1, '1', '2024-03-14 18:48:55', '2024-03-14 18:48:55'),
(23, 'B', 8, 1, 1, '1', '2024-03-14 18:48:55', '2024-03-14 18:48:55'),
(24, 'B', 9, 1, 1, '1', '2024-03-14 18:48:55', '2024-03-14 18:48:55'),
(25, 'B', 10, 1, 1, '1', '2024-03-14 18:48:55', '2024-03-14 18:48:55'),
(26, 'B', 11, 1, 1, '1', '2024-03-14 18:48:55', '2024-03-14 18:48:55'),
(27, 'B', 12, 1, 1, '1', '2024-03-14 18:48:55', '2024-03-14 18:48:55'),
(28, 'B', 13, 1, 1, '1', '2024-03-14 18:48:55', '2024-03-14 18:48:55'),
(29, 'B', 14, 1, 1, '1', '2024-03-14 18:48:55', '2024-03-14 18:48:55'),
(30, 'B', 15, 1, 1, '1', '2024-03-14 18:48:55', '2024-03-14 18:48:55'),
(31, 'C', 1, 1, 1, '1', '2024-03-14 18:48:55', '2024-03-14 18:48:55'),
(32, 'C', 2, 1, 1, '1', '2024-03-14 18:48:55', '2024-03-14 18:48:55'),
(33, 'C', 3, 1, 1, '1', '2024-03-14 18:48:55', '2024-03-14 18:48:55'),
(34, 'C', 4, 1, 1, '1', '2024-03-14 18:48:55', '2024-03-14 18:48:55'),
(35, 'C', 5, 1, 1, '1', '2024-03-14 18:48:55', '2024-03-14 18:48:55'),
(36, 'C', 6, 1, 1, '1', '2024-03-14 18:48:55', '2024-03-14 18:48:55'),
(37, 'C', 7, 1, 1, '1', '2024-03-14 18:48:55', '2024-03-14 18:48:55'),
(38, 'C', 8, 1, 1, '1', '2024-03-14 18:48:55', '2024-03-14 18:48:55'),
(39, 'C', 9, 1, 1, '1', '2024-03-14 18:48:55', '2024-03-14 18:48:55'),
(40, 'C', 10, 1, 1, '1', '2024-03-14 18:48:55', '2024-03-14 18:48:55'),
(41, 'C', 11, 1, 1, '1', '2024-03-14 18:48:55', '2024-03-14 18:48:55'),
(42, 'C', 12, 1, 1, '1', '2024-03-14 18:48:55', '2024-03-14 18:48:55'),
(43, 'C', 13, 1, 1, '1', '2024-03-14 18:48:55', '2024-03-14 18:48:55'),
(44, 'C', 14, 1, 1, '1', '2024-03-14 18:48:55', '2024-03-14 18:48:55'),
(45, 'C', 15, 1, 1, '1', '2024-03-14 18:48:55', '2024-03-14 18:48:55'),
(46, 'D', 1, 1, 1, '1', '2024-03-14 18:48:55', '2024-03-14 18:48:55'),
(47, 'D', 2, 1, 1, '1', '2024-03-14 18:48:55', '2024-03-14 18:48:55'),
(48, 'D', 3, 1, 1, '1', '2024-03-14 18:48:55', '2024-03-14 18:48:55'),
(49, 'D', 4, 1, 1, '1', '2024-03-14 18:48:55', '2024-03-14 18:48:55'),
(50, 'D', 5, 1, 1, '1', '2024-03-14 18:48:55', '2024-03-14 18:48:55'),
(51, 'D', 6, 1, 1, '1', '2024-03-14 18:48:55', '2024-03-14 18:48:55'),
(52, 'D', 7, 1, 1, '1', '2024-03-14 18:48:55', '2024-03-14 18:48:55'),
(53, 'D', 8, 1, 1, '1', '2024-03-14 18:48:55', '2024-03-14 18:48:55'),
(54, 'D', 9, 1, 1, '1', '2024-03-14 18:48:55', '2024-03-14 18:48:55'),
(55, 'D', 10, 1, 1, '1', '2024-03-14 18:48:55', '2024-03-14 18:48:55'),
(56, 'D', 11, 1, 1, '1', '2024-03-14 18:48:55', '2024-03-14 18:48:55'),
(57, 'D', 12, 1, 1, '1', '2024-03-14 18:48:55', '2024-03-14 18:48:55'),
(58, 'D', 13, 1, 1, '1', '2024-03-14 18:48:55', '2024-03-14 18:48:55'),
(59, 'D', 14, 1, 1, '1', '2024-03-14 18:48:55', '2024-03-14 18:48:55'),
(60, 'D', 15, 1, 1, '1', '2024-03-14 18:48:55', '2024-03-14 18:48:55'),
(61, 'E', 1, 2, 1, '1', '2024-03-14 18:48:55', '2024-03-14 18:48:55'),
(62, 'E', 2, 2, 1, '1', '2024-03-14 18:48:55', '2024-03-14 18:48:55'),
(63, 'E', 3, 2, 1, '1', '2024-03-14 18:48:55', '2024-03-14 18:48:55'),
(64, 'E', 4, 2, 1, '1', '2024-03-14 18:48:55', '2024-03-14 18:48:55'),
(65, 'E', 5, 2, 1, '1', '2024-03-14 18:48:55', '2024-03-14 18:48:55'),
(66, 'E', 6, 2, 1, '1', '2024-03-14 18:48:55', '2024-03-14 18:48:55'),
(67, 'E', 7, 2, 1, '1', '2024-03-14 18:48:55', '2024-03-14 18:48:55'),
(68, 'E', 8, 2, 1, '1', '2024-03-14 18:48:55', '2024-03-14 18:48:55'),
(69, 'E', 9, 2, 1, '1', '2024-03-14 18:48:55', '2024-03-14 18:48:55'),
(70, 'E', 10, 2, 1, '1', '2024-03-14 18:48:55', '2024-03-14 18:48:55'),
(71, 'E', 11, 2, 1, '1', '2024-03-14 18:48:55', '2024-03-14 18:48:55'),
(72, 'E', 12, 2, 1, '1', '2024-03-14 18:48:55', '2024-03-14 18:48:55'),
(73, 'E', 13, 2, 1, '1', '2024-03-14 18:48:55', '2024-03-14 18:48:55'),
(74, 'E', 14, 2, 1, '1', '2024-03-14 18:48:55', '2024-03-14 18:48:55'),
(75, 'E', 15, 2, 1, '1', '2024-03-14 18:48:55', '2024-03-14 18:48:55'),
(76, 'F', 1, 2, 1, '1', '2024-03-14 18:48:55', '2024-03-14 18:48:55'),
(77, 'F', 2, 2, 1, '1', '2024-03-14 18:48:55', '2024-03-14 18:48:55'),
(78, 'F', 3, 2, 1, '1', '2024-03-14 18:48:55', '2024-03-14 18:48:55'),
(79, 'F', 4, 2, 1, '1', '2024-03-14 18:48:55', '2024-03-14 18:48:55'),
(80, 'F', 5, 2, 1, '1', '2024-03-14 18:48:55', '2024-03-14 18:48:55'),
(81, 'F', 6, 2, 1, '1', '2024-03-14 18:48:55', '2024-03-14 18:48:55'),
(82, 'F', 7, 2, 1, '1', '2024-03-14 18:48:55', '2024-03-14 18:48:55'),
(83, 'F', 8, 2, 1, '1', '2024-03-14 18:48:55', '2024-03-14 18:48:55'),
(84, 'F', 9, 2, 1, '1', '2024-03-14 18:48:55', '2024-03-14 18:48:55'),
(85, 'F', 10, 2, 1, '1', '2024-03-14 18:48:55', '2024-03-14 18:48:55'),
(86, 'F', 11, 2, 1, '1', '2024-03-14 18:48:55', '2024-03-14 18:48:55'),
(87, 'F', 12, 2, 1, '1', '2024-03-14 18:48:55', '2024-03-14 18:48:55'),
(88, 'F', 13, 2, 1, '1', '2024-03-14 18:48:55', '2024-03-14 18:48:55'),
(89, 'F', 14, 2, 1, '1', '2024-03-14 18:48:55', '2024-03-14 18:48:55'),
(90, 'F', 15, 2, 1, '1', '2024-03-14 18:48:55', '2024-03-14 18:48:55'),
(91, 'G', 1, 2, 1, '1', '2024-03-14 18:48:55', '2024-03-14 18:48:55'),
(92, 'G', 2, 2, 1, '1', '2024-03-14 18:48:55', '2024-03-14 18:48:55'),
(93, 'G', 3, 2, 1, '1', '2024-03-14 18:48:55', '2024-03-14 18:48:55'),
(94, 'G', 4, 2, 1, '1', '2024-03-14 18:48:55', '2024-03-14 18:48:55'),
(95, 'G', 5, 2, 1, '1', '2024-03-14 18:48:55', '2024-03-14 18:48:55'),
(96, 'G', 6, 2, 1, '1', '2024-03-14 18:48:55', '2024-03-14 18:48:55'),
(97, 'G', 7, 2, 1, '1', '2024-03-14 18:48:55', '2024-03-14 18:48:55'),
(98, 'G', 8, 2, 1, '1', '2024-03-14 18:48:55', '2024-03-14 18:48:55'),
(99, 'G', 9, 2, 1, '1', '2024-03-14 18:48:55', '2024-03-14 18:48:55'),
(100, 'G', 10, 2, 1, '1', '2024-03-14 18:48:55', '2024-03-14 18:48:55'),
(101, 'G', 11, 2, 1, '1', '2024-03-14 18:48:55', '2024-03-14 18:48:55'),
(102, 'G', 12, 2, 1, '1', '2024-03-14 18:48:55', '2024-03-14 18:48:55'),
(103, 'G', 13, 2, 1, '1', '2024-03-14 18:48:55', '2024-03-14 18:48:55'),
(104, 'G', 14, 2, 1, '1', '2024-03-14 18:48:55', '2024-03-14 18:48:55'),
(105, 'G', 15, 2, 1, '1', '2024-03-14 18:48:55', '2024-03-14 18:48:55'),
(106, 'H', 1, 2, 1, '1', '2024-03-14 18:48:55', '2024-03-14 18:48:55'),
(107, 'H', 2, 2, 1, '1', '2024-03-14 18:48:55', '2024-03-14 18:48:55'),
(108, 'H', 3, 2, 1, '1', '2024-03-14 18:48:55', '2024-03-14 18:48:55'),
(109, 'H', 4, 2, 1, '1', '2024-03-14 18:48:55', '2024-03-14 18:48:55'),
(110, 'H', 5, 2, 1, '1', '2024-03-14 18:48:55', '2024-03-14 18:48:55'),
(111, 'H', 6, 2, 1, '1', '2024-03-14 18:48:55', '2024-03-14 18:48:55'),
(112, 'H', 7, 2, 1, '1', '2024-03-14 18:48:55', '2024-03-14 18:48:55'),
(113, 'H', 8, 2, 1, '1', '2024-03-14 18:48:55', '2024-03-14 18:48:55'),
(114, 'H', 9, 2, 1, '1', '2024-03-14 18:48:55', '2024-03-14 18:48:55'),
(115, 'H', 10, 2, 1, '1', '2024-03-14 18:48:55', '2024-03-14 18:48:55'),
(116, 'H', 11, 2, 1, '1', '2024-03-14 18:48:55', '2024-03-14 18:48:55'),
(117, 'H', 12, 2, 1, '1', '2024-03-14 18:48:55', '2024-03-14 18:48:55'),
(118, 'H', 13, 2, 1, '1', '2024-03-14 18:48:55', '2024-03-14 18:48:55'),
(119, 'H', 14, 2, 1, '1', '2024-03-14 18:48:55', '2024-03-14 18:48:55'),
(120, 'H', 15, 2, 1, '1', '2024-03-14 18:48:55', '2024-03-14 18:48:55'),
(121, 'I', 1, 2, 1, '1', '2024-03-14 18:48:55', '2024-03-14 18:48:55'),
(122, 'I', 2, 2, 1, '1', '2024-03-14 18:48:55', '2024-03-14 18:48:55'),
(123, 'I', 3, 2, 1, '1', '2024-03-14 18:48:55', '2024-03-14 18:48:55'),
(124, 'I', 4, 2, 1, '1', '2024-03-14 18:48:55', '2024-03-14 18:48:55'),
(125, 'I', 5, 2, 1, '1', '2024-03-14 18:48:55', '2024-03-14 18:48:55'),
(126, 'I', 6, 2, 1, '1', '2024-03-14 18:48:55', '2024-03-14 18:48:55'),
(127, 'I', 7, 2, 1, '1', '2024-03-14 18:48:55', '2024-03-14 18:48:55'),
(128, 'I', 8, 2, 1, '1', '2024-03-14 18:48:55', '2024-03-14 18:48:55'),
(129, 'I', 9, 2, 1, '1', '2024-03-14 18:48:55', '2024-03-14 18:48:55'),
(130, 'I', 10, 2, 1, '1', '2024-03-14 18:48:55', '2024-03-14 18:48:55'),
(131, 'I', 11, 2, 1, '1', '2024-03-14 18:48:55', '2024-03-14 18:48:55'),
(132, 'I', 12, 2, 1, '1', '2024-03-14 18:48:55', '2024-03-14 18:48:55'),
(133, 'I', 13, 2, 1, '1', '2024-03-14 18:48:55', '2024-03-14 18:48:55'),
(134, 'I', 14, 2, 1, '1', '2024-03-14 18:48:55', '2024-03-14 18:48:55'),
(135, 'I', 15, 2, 1, '1', '2024-03-14 18:48:55', '2024-03-14 18:48:55'),
(136, 'J', 1, 2, 1, '1', '2024-03-14 18:48:55', '2024-03-14 18:48:55'),
(137, 'J', 2, 2, 1, '1', '2024-03-14 18:48:55', '2024-03-14 18:48:55'),
(138, 'J', 3, 2, 1, '1', '2024-03-14 18:48:55', '2024-03-14 18:48:55'),
(139, 'J', 4, 2, 1, '1', '2024-03-14 18:48:55', '2024-03-14 18:48:55'),
(140, 'J', 5, 2, 1, '1', '2024-03-14 18:48:55', '2024-03-14 18:48:55'),
(141, 'J', 6, 2, 1, '1', '2024-03-14 18:48:55', '2024-03-14 18:48:55'),
(142, 'J', 7, 2, 1, '1', '2024-03-14 18:48:55', '2024-03-14 18:48:55'),
(143, 'J', 8, 2, 1, '1', '2024-03-14 18:48:55', '2024-03-14 18:48:55'),
(144, 'J', 9, 2, 1, '1', '2024-03-14 18:48:55', '2024-03-14 18:48:55'),
(145, 'J', 10, 2, 1, '1', '2024-03-14 18:48:55', '2024-03-14 18:48:55'),
(146, 'J', 11, 2, 1, '1', '2024-03-14 18:48:55', '2024-03-14 18:48:55'),
(147, 'J', 12, 2, 1, '1', '2024-03-14 18:48:55', '2024-03-14 18:48:55'),
(148, 'J', 13, 2, 1, '1', '2024-03-14 18:48:55', '2024-03-14 18:48:55'),
(149, 'J', 14, 2, 1, '1', '2024-03-14 18:48:55', '2024-03-14 18:48:55'),
(150, 'J', 15, 2, 1, '1', '2024-03-14 18:48:55', '2024-03-14 18:48:55'),
(151, 'A', 1, 1, 2, '1', '2024-03-14 18:49:05', '2024-03-14 18:49:05'),
(152, 'A', 2, 1, 2, '1', '2024-03-14 18:49:05', '2024-03-14 18:49:05'),
(153, 'A', 3, 1, 2, '1', '2024-03-14 18:49:05', '2024-03-14 18:49:05'),
(154, 'A', 4, 1, 2, '1', '2024-03-14 18:49:06', '2024-03-14 18:49:06'),
(155, 'A', 5, 1, 2, '1', '2024-03-14 18:49:06', '2024-03-14 18:49:06'),
(156, 'A', 6, 1, 2, '1', '2024-03-14 18:49:06', '2024-03-14 18:49:06'),
(157, 'A', 7, 1, 2, '1', '2024-03-14 18:49:06', '2024-03-14 18:49:06'),
(158, 'A', 8, 1, 2, '1', '2024-03-14 18:49:06', '2024-03-14 18:49:06'),
(159, 'A', 9, 1, 2, '1', '2024-03-14 18:49:06', '2024-03-14 18:49:06'),
(160, 'A', 10, 1, 2, '1', '2024-03-14 18:49:06', '2024-03-14 18:49:06'),
(161, 'A', 11, 1, 2, '1', '2024-03-14 18:49:06', '2024-03-14 18:49:06'),
(162, 'A', 12, 1, 2, '1', '2024-03-14 18:49:06', '2024-03-14 18:49:06'),
(163, 'A', 13, 1, 2, '1', '2024-03-14 18:49:06', '2024-03-14 18:49:06'),
(164, 'A', 14, 1, 2, '1', '2024-03-14 18:49:06', '2024-03-14 18:49:06'),
(165, 'A', 15, 1, 2, '1', '2024-03-14 18:49:06', '2024-03-14 18:49:06'),
(166, 'B', 1, 1, 2, '1', '2024-03-14 18:49:06', '2024-03-14 18:49:06'),
(167, 'B', 2, 1, 2, '1', '2024-03-14 18:49:06', '2024-03-14 18:49:06'),
(168, 'B', 3, 1, 2, '1', '2024-03-14 18:49:06', '2024-03-14 18:49:06'),
(169, 'B', 4, 1, 2, '1', '2024-03-14 18:49:06', '2024-03-14 18:49:06'),
(170, 'B', 5, 1, 2, '1', '2024-03-14 18:49:06', '2024-03-14 18:49:06'),
(171, 'B', 6, 1, 2, '1', '2024-03-14 18:49:06', '2024-03-14 18:49:06'),
(172, 'B', 7, 1, 2, '1', '2024-03-14 18:49:06', '2024-03-14 18:49:06'),
(173, 'B', 8, 1, 2, '1', '2024-03-14 18:49:06', '2024-03-14 18:49:06'),
(174, 'B', 9, 1, 2, '1', '2024-03-14 18:49:06', '2024-03-14 18:49:06'),
(175, 'B', 10, 1, 2, '1', '2024-03-14 18:49:06', '2024-03-14 18:49:06'),
(176, 'B', 11, 1, 2, '1', '2024-03-14 18:49:06', '2024-03-14 18:49:06'),
(177, 'B', 12, 1, 2, '1', '2024-03-14 18:49:06', '2024-03-14 18:49:06'),
(178, 'B', 13, 1, 2, '1', '2024-03-14 18:49:06', '2024-03-14 18:49:06'),
(179, 'B', 14, 1, 2, '1', '2024-03-14 18:49:06', '2024-03-14 18:49:06'),
(180, 'B', 15, 1, 2, '1', '2024-03-14 18:49:06', '2024-03-14 18:49:06'),
(181, 'C', 1, 1, 2, '1', '2024-03-14 18:49:06', '2024-03-14 18:49:06'),
(182, 'C', 2, 1, 2, '1', '2024-03-14 18:49:06', '2024-03-14 18:49:06'),
(183, 'C', 3, 1, 2, '1', '2024-03-14 18:49:06', '2024-03-14 18:49:06'),
(184, 'C', 4, 1, 2, '1', '2024-03-14 18:49:06', '2024-03-14 18:49:06'),
(185, 'C', 5, 1, 2, '1', '2024-03-14 18:49:06', '2024-03-14 18:49:06'),
(186, 'C', 6, 1, 2, '1', '2024-03-14 18:49:06', '2024-03-14 18:49:06'),
(187, 'C', 7, 1, 2, '1', '2024-03-14 18:49:06', '2024-03-14 18:49:06'),
(188, 'C', 8, 1, 2, '1', '2024-03-14 18:49:06', '2024-03-14 18:49:06'),
(189, 'C', 9, 1, 2, '1', '2024-03-14 18:49:06', '2024-03-14 18:49:06'),
(190, 'C', 10, 1, 2, '1', '2024-03-14 18:49:06', '2024-03-14 18:49:06'),
(191, 'C', 11, 1, 2, '1', '2024-03-14 18:49:06', '2024-03-14 18:49:06'),
(192, 'C', 12, 1, 2, '1', '2024-03-14 18:49:06', '2024-03-14 18:49:06'),
(193, 'C', 13, 1, 2, '1', '2024-03-14 18:49:06', '2024-03-14 18:49:06'),
(194, 'C', 14, 1, 2, '1', '2024-03-14 18:49:06', '2024-03-14 18:49:06'),
(195, 'C', 15, 1, 2, '1', '2024-03-14 18:49:06', '2024-03-14 18:49:06'),
(196, 'D', 1, 1, 2, '1', '2024-03-14 18:49:06', '2024-03-14 18:49:06'),
(197, 'D', 2, 1, 2, '1', '2024-03-14 18:49:06', '2024-03-14 18:49:06'),
(198, 'D', 3, 1, 2, '1', '2024-03-14 18:49:06', '2024-03-14 18:49:06'),
(199, 'D', 4, 1, 2, '1', '2024-03-14 18:49:06', '2024-03-14 18:49:06'),
(200, 'D', 5, 1, 2, '1', '2024-03-14 18:49:06', '2024-03-14 18:49:06'),
(201, 'D', 6, 1, 2, '1', '2024-03-14 18:49:06', '2024-03-14 18:49:06'),
(202, 'D', 7, 1, 2, '1', '2024-03-14 18:49:06', '2024-03-14 18:49:06'),
(203, 'D', 8, 1, 2, '1', '2024-03-14 18:49:06', '2024-03-14 18:49:06'),
(204, 'D', 9, 1, 2, '1', '2024-03-14 18:49:06', '2024-03-14 18:49:06'),
(205, 'D', 10, 1, 2, '1', '2024-03-14 18:49:06', '2024-03-14 18:49:06'),
(206, 'D', 11, 1, 2, '1', '2024-03-14 18:49:06', '2024-03-14 18:49:06'),
(207, 'D', 12, 1, 2, '1', '2024-03-14 18:49:06', '2024-03-14 18:49:06'),
(208, 'D', 13, 1, 2, '1', '2024-03-14 18:49:06', '2024-03-14 18:49:06'),
(209, 'D', 14, 1, 2, '1', '2024-03-14 18:49:06', '2024-03-14 18:49:06'),
(210, 'D', 15, 1, 2, '1', '2024-03-14 18:49:06', '2024-03-14 18:49:06'),
(211, 'E', 1, 2, 2, '1', '2024-03-14 18:49:06', '2024-03-14 18:49:06'),
(212, 'E', 2, 2, 2, '1', '2024-03-14 18:49:06', '2024-03-14 18:49:06'),
(213, 'E', 3, 2, 2, '1', '2024-03-14 18:49:06', '2024-03-14 18:49:06'),
(214, 'E', 4, 2, 2, '1', '2024-03-14 18:49:06', '2024-03-14 18:49:06'),
(215, 'E', 5, 2, 2, '1', '2024-03-14 18:49:06', '2024-03-14 18:49:06'),
(216, 'E', 6, 2, 2, '1', '2024-03-14 18:49:06', '2024-03-14 18:49:06'),
(217, 'E', 7, 2, 2, '1', '2024-03-14 18:49:06', '2024-03-14 18:49:06'),
(218, 'E', 8, 2, 2, '1', '2024-03-14 18:49:06', '2024-03-14 18:49:06'),
(219, 'E', 9, 2, 2, '1', '2024-03-14 18:49:06', '2024-03-14 18:49:06'),
(220, 'E', 10, 2, 2, '1', '2024-03-14 18:49:06', '2024-03-14 18:49:06'),
(221, 'E', 11, 2, 2, '1', '2024-03-14 18:49:06', '2024-03-14 18:49:06'),
(222, 'E', 12, 2, 2, '1', '2024-03-14 18:49:06', '2024-03-14 18:49:06'),
(223, 'E', 13, 2, 2, '1', '2024-03-14 18:49:06', '2024-03-14 18:49:06'),
(224, 'E', 14, 2, 2, '1', '2024-03-14 18:49:06', '2024-03-14 18:49:06'),
(225, 'E', 15, 2, 2, '1', '2024-03-14 18:49:06', '2024-03-14 18:49:06'),
(226, 'F', 1, 2, 2, '1', '2024-03-14 18:49:06', '2024-03-14 18:49:06'),
(227, 'F', 2, 2, 2, '1', '2024-03-14 18:49:06', '2024-03-14 18:49:06'),
(228, 'F', 3, 2, 2, '1', '2024-03-14 18:49:06', '2024-03-14 18:49:06'),
(229, 'F', 4, 2, 2, '1', '2024-03-14 18:49:06', '2024-03-14 18:49:06'),
(230, 'F', 5, 2, 2, '1', '2024-03-14 18:49:06', '2024-03-14 18:49:06'),
(231, 'F', 6, 2, 2, '1', '2024-03-14 18:49:06', '2024-03-14 18:49:06'),
(232, 'F', 7, 2, 2, '1', '2024-03-14 18:49:06', '2024-03-14 18:49:06'),
(233, 'F', 8, 2, 2, '1', '2024-03-14 18:49:06', '2024-03-14 18:49:06'),
(234, 'F', 9, 2, 2, '1', '2024-03-14 18:49:06', '2024-03-14 18:49:06'),
(235, 'F', 10, 2, 2, '1', '2024-03-14 18:49:06', '2024-03-14 18:49:06'),
(236, 'F', 11, 2, 2, '1', '2024-03-14 18:49:06', '2024-03-14 18:49:06'),
(237, 'F', 12, 2, 2, '1', '2024-03-14 18:49:06', '2024-03-14 18:49:06'),
(238, 'F', 13, 2, 2, '1', '2024-03-14 18:49:06', '2024-03-14 18:49:06'),
(239, 'F', 14, 2, 2, '1', '2024-03-14 18:49:06', '2024-03-14 18:49:06'),
(240, 'F', 15, 2, 2, '1', '2024-03-14 18:49:06', '2024-03-14 18:49:06'),
(241, 'G', 1, 2, 2, '1', '2024-03-14 18:49:06', '2024-03-14 18:49:06'),
(242, 'G', 2, 2, 2, '1', '2024-03-14 18:49:06', '2024-03-14 18:49:06'),
(243, 'G', 3, 2, 2, '1', '2024-03-14 18:49:06', '2024-03-14 18:49:06'),
(244, 'G', 4, 2, 2, '1', '2024-03-14 18:49:06', '2024-03-14 18:49:06'),
(245, 'G', 5, 2, 2, '1', '2024-03-14 18:49:06', '2024-03-14 18:49:06'),
(246, 'G', 6, 2, 2, '1', '2024-03-14 18:49:06', '2024-03-14 18:49:06'),
(247, 'G', 7, 2, 2, '1', '2024-03-14 18:49:06', '2024-03-14 18:49:06'),
(248, 'G', 8, 2, 2, '1', '2024-03-14 18:49:06', '2024-03-14 18:49:06'),
(249, 'G', 9, 2, 2, '1', '2024-03-14 18:49:06', '2024-03-14 18:49:06'),
(250, 'G', 10, 2, 2, '1', '2024-03-14 18:49:06', '2024-03-14 18:49:06'),
(251, 'G', 11, 2, 2, '1', '2024-03-14 18:49:06', '2024-03-14 18:49:06'),
(252, 'G', 12, 2, 2, '1', '2024-03-14 18:49:06', '2024-03-14 18:49:06'),
(253, 'G', 13, 2, 2, '1', '2024-03-14 18:49:06', '2024-03-14 18:49:06'),
(254, 'G', 14, 2, 2, '1', '2024-03-14 18:49:06', '2024-03-14 18:49:06'),
(255, 'G', 15, 2, 2, '1', '2024-03-14 18:49:06', '2024-03-14 18:49:06'),
(256, 'H', 1, 2, 2, '1', '2024-03-14 18:49:06', '2024-03-14 18:49:06'),
(257, 'H', 2, 2, 2, '1', '2024-03-14 18:49:06', '2024-03-14 18:49:06'),
(258, 'H', 3, 2, 2, '1', '2024-03-14 18:49:06', '2024-03-14 18:49:06'),
(259, 'H', 4, 2, 2, '1', '2024-03-14 18:49:06', '2024-03-14 18:49:06'),
(260, 'H', 5, 2, 2, '1', '2024-03-14 18:49:06', '2024-03-14 18:49:06'),
(261, 'H', 6, 2, 2, '1', '2024-03-14 18:49:06', '2024-03-14 18:49:06'),
(262, 'H', 7, 2, 2, '1', '2024-03-14 18:49:06', '2024-03-14 18:49:06'),
(263, 'H', 8, 2, 2, '1', '2024-03-14 18:49:06', '2024-03-14 18:49:06'),
(264, 'H', 9, 2, 2, '1', '2024-03-14 18:49:06', '2024-03-14 18:49:06'),
(265, 'H', 10, 2, 2, '1', '2024-03-14 18:49:06', '2024-03-14 18:49:06'),
(266, 'H', 11, 2, 2, '1', '2024-03-14 18:49:06', '2024-03-14 18:49:06'),
(267, 'H', 12, 2, 2, '1', '2024-03-14 18:49:06', '2024-03-14 18:49:06'),
(268, 'H', 13, 2, 2, '1', '2024-03-14 18:49:06', '2024-03-14 18:49:06'),
(269, 'H', 14, 2, 2, '1', '2024-03-14 18:49:06', '2024-03-14 18:49:06'),
(270, 'H', 15, 2, 2, '1', '2024-03-14 18:49:06', '2024-03-14 18:49:06'),
(271, 'I', 1, 2, 2, '1', '2024-03-14 18:49:06', '2024-03-14 18:49:06'),
(272, 'I', 2, 2, 2, '1', '2024-03-14 18:49:06', '2024-03-14 18:49:06'),
(273, 'I', 3, 2, 2, '1', '2024-03-14 18:49:06', '2024-03-14 18:49:06'),
(274, 'I', 4, 2, 2, '1', '2024-03-14 18:49:06', '2024-03-14 18:49:06'),
(275, 'I', 5, 2, 2, '1', '2024-03-14 18:49:06', '2024-03-14 18:49:06'),
(276, 'I', 6, 2, 2, '1', '2024-03-14 18:49:06', '2024-03-14 18:49:06'),
(277, 'I', 7, 2, 2, '1', '2024-03-14 18:49:06', '2024-03-14 18:49:06'),
(278, 'I', 8, 2, 2, '1', '2024-03-14 18:49:06', '2024-03-14 18:49:06'),
(279, 'I', 9, 2, 2, '1', '2024-03-14 18:49:06', '2024-03-14 18:49:06'),
(280, 'I', 10, 2, 2, '1', '2024-03-14 18:49:06', '2024-03-14 18:49:06'),
(281, 'I', 11, 2, 2, '1', '2024-03-14 18:49:06', '2024-03-14 18:49:06'),
(282, 'I', 12, 2, 2, '1', '2024-03-14 18:49:06', '2024-03-14 18:49:06'),
(283, 'I', 13, 2, 2, '1', '2024-03-14 18:49:06', '2024-03-14 18:49:06'),
(284, 'I', 14, 2, 2, '1', '2024-03-14 18:49:06', '2024-03-14 18:49:06'),
(285, 'I', 15, 2, 2, '1', '2024-03-14 18:49:06', '2024-03-14 18:49:06'),
(286, 'J', 1, 2, 2, '1', '2024-03-14 18:49:06', '2024-03-14 18:49:06'),
(287, 'J', 2, 2, 2, '1', '2024-03-14 18:49:06', '2024-03-14 18:49:06'),
(288, 'J', 3, 2, 2, '1', '2024-03-14 18:49:06', '2024-03-14 18:49:06'),
(289, 'J', 4, 2, 2, '1', '2024-03-14 18:49:06', '2024-03-14 18:49:06'),
(290, 'J', 5, 2, 2, '1', '2024-03-14 18:49:06', '2024-03-14 18:49:06'),
(291, 'J', 6, 2, 2, '1', '2024-03-14 18:49:06', '2024-03-14 18:49:06'),
(292, 'J', 7, 2, 2, '1', '2024-03-14 18:49:06', '2024-03-14 18:49:06'),
(293, 'J', 8, 2, 2, '1', '2024-03-14 18:49:06', '2024-03-14 18:49:06'),
(294, 'J', 9, 2, 2, '1', '2024-03-14 18:49:06', '2024-03-14 18:49:06'),
(295, 'J', 10, 2, 2, '1', '2024-03-14 18:49:06', '2024-03-14 18:49:06'),
(296, 'J', 11, 2, 2, '1', '2024-03-14 18:49:06', '2024-03-14 18:49:06'),
(297, 'J', 12, 2, 2, '1', '2024-03-14 18:49:06', '2024-03-14 18:49:06'),
(298, 'J', 13, 2, 2, '1', '2024-03-14 18:49:06', '2024-03-14 18:49:06'),
(299, 'J', 14, 2, 2, '1', '2024-03-14 18:49:06', '2024-03-14 18:49:06'),
(300, 'J', 15, 2, 2, '1', '2024-03-14 18:49:06', '2024-03-14 18:49:06'),
(301, 'A', 1, 1, 3, '1', '2024-03-14 18:49:21', '2024-03-14 18:49:21'),
(302, 'A', 2, 1, 3, '1', '2024-03-14 18:49:21', '2024-03-14 18:49:21'),
(303, 'A', 3, 1, 3, '1', '2024-03-14 18:49:21', '2024-03-14 18:49:21'),
(304, 'A', 4, 1, 3, '1', '2024-03-14 18:49:21', '2024-03-14 18:49:21'),
(305, 'A', 5, 1, 3, '1', '2024-03-14 18:49:21', '2024-03-14 18:49:21'),
(306, 'A', 6, 1, 3, '1', '2024-03-14 18:49:21', '2024-03-14 18:49:21'),
(307, 'A', 7, 1, 3, '1', '2024-03-14 18:49:21', '2024-03-14 18:49:21'),
(308, 'A', 8, 1, 3, '1', '2024-03-14 18:49:21', '2024-03-14 18:49:21'),
(309, 'A', 9, 1, 3, '1', '2024-03-14 18:49:21', '2024-03-14 18:49:21'),
(310, 'A', 10, 1, 3, '1', '2024-03-14 18:49:21', '2024-03-14 18:49:21'),
(311, 'A', 11, 1, 3, '1', '2024-03-14 18:49:21', '2024-03-14 18:49:21'),
(312, 'A', 12, 1, 3, '1', '2024-03-14 18:49:21', '2024-03-14 18:49:21'),
(313, 'A', 13, 1, 3, '1', '2024-03-14 18:49:21', '2024-03-14 18:49:21'),
(314, 'A', 14, 1, 3, '1', '2024-03-14 18:49:21', '2024-03-14 18:49:21'),
(315, 'A', 15, 1, 3, '1', '2024-03-14 18:49:21', '2024-03-14 18:49:21'),
(316, 'B', 1, 1, 3, '1', '2024-03-14 18:49:21', '2024-03-14 18:49:21'),
(317, 'B', 2, 1, 3, '1', '2024-03-14 18:49:21', '2024-03-14 18:49:21'),
(318, 'B', 3, 1, 3, '1', '2024-03-14 18:49:21', '2024-03-14 18:49:21'),
(319, 'B', 4, 1, 3, '1', '2024-03-14 18:49:21', '2024-03-14 18:49:21'),
(320, 'B', 5, 1, 3, '1', '2024-03-14 18:49:21', '2024-03-14 18:49:21'),
(321, 'B', 6, 1, 3, '1', '2024-03-14 18:49:21', '2024-03-14 18:49:21'),
(322, 'B', 7, 1, 3, '1', '2024-03-14 18:49:21', '2024-03-14 18:49:21'),
(323, 'B', 8, 1, 3, '1', '2024-03-14 18:49:21', '2024-03-14 18:49:21'),
(324, 'B', 9, 1, 3, '1', '2024-03-14 18:49:21', '2024-03-14 18:49:21'),
(325, 'B', 10, 1, 3, '1', '2024-03-14 18:49:21', '2024-03-14 18:49:21'),
(326, 'B', 11, 1, 3, '1', '2024-03-14 18:49:21', '2024-03-14 18:49:21'),
(327, 'B', 12, 1, 3, '1', '2024-03-14 18:49:21', '2024-03-14 18:49:21'),
(328, 'B', 13, 1, 3, '1', '2024-03-14 18:49:21', '2024-03-14 18:49:21'),
(329, 'B', 14, 1, 3, '1', '2024-03-14 18:49:21', '2024-03-14 18:49:21'),
(330, 'B', 15, 1, 3, '1', '2024-03-14 18:49:21', '2024-03-14 18:49:21'),
(331, 'C', 1, 1, 3, '1', '2024-03-14 18:49:21', '2024-03-14 18:49:21'),
(332, 'C', 2, 1, 3, '1', '2024-03-14 18:49:21', '2024-03-14 18:49:21'),
(333, 'C', 3, 1, 3, '1', '2024-03-14 18:49:21', '2024-03-14 18:49:21'),
(334, 'C', 4, 1, 3, '1', '2024-03-14 18:49:21', '2024-03-14 18:49:21'),
(335, 'C', 5, 1, 3, '1', '2024-03-14 18:49:21', '2024-03-14 18:49:21'),
(336, 'C', 6, 1, 3, '1', '2024-03-14 18:49:21', '2024-03-14 18:49:21'),
(337, 'C', 7, 1, 3, '1', '2024-03-14 18:49:21', '2024-03-14 18:49:21'),
(338, 'C', 8, 1, 3, '1', '2024-03-14 18:49:21', '2024-03-14 18:49:21'),
(339, 'C', 9, 1, 3, '1', '2024-03-14 18:49:21', '2024-03-14 18:49:21'),
(340, 'C', 10, 1, 3, '1', '2024-03-14 18:49:21', '2024-03-14 18:49:21'),
(341, 'C', 11, 1, 3, '1', '2024-03-14 18:49:21', '2024-03-14 18:49:21'),
(342, 'C', 12, 1, 3, '1', '2024-03-14 18:49:21', '2024-03-14 18:49:21'),
(343, 'C', 13, 1, 3, '1', '2024-03-14 18:49:21', '2024-03-14 18:49:21'),
(344, 'C', 14, 1, 3, '1', '2024-03-14 18:49:21', '2024-03-14 18:49:21'),
(345, 'C', 15, 1, 3, '1', '2024-03-14 18:49:21', '2024-03-14 18:49:21'),
(346, 'D', 1, 1, 3, '1', '2024-03-14 18:49:21', '2024-03-14 18:49:21'),
(347, 'D', 2, 1, 3, '1', '2024-03-14 18:49:21', '2024-03-14 18:49:21'),
(348, 'D', 3, 1, 3, '1', '2024-03-14 18:49:21', '2024-03-14 18:49:21'),
(349, 'D', 4, 1, 3, '1', '2024-03-14 18:49:21', '2024-03-14 18:49:21'),
(350, 'D', 5, 1, 3, '1', '2024-03-14 18:49:21', '2024-03-14 18:49:21'),
(351, 'D', 6, 1, 3, '1', '2024-03-14 18:49:21', '2024-03-14 18:49:21'),
(352, 'D', 7, 1, 3, '1', '2024-03-14 18:49:21', '2024-03-14 18:49:21'),
(353, 'D', 8, 1, 3, '1', '2024-03-14 18:49:21', '2024-03-14 18:49:21'),
(354, 'D', 9, 1, 3, '1', '2024-03-14 18:49:21', '2024-03-14 18:49:21'),
(355, 'D', 10, 1, 3, '1', '2024-03-14 18:49:21', '2024-03-14 18:49:21'),
(356, 'D', 11, 1, 3, '1', '2024-03-14 18:49:21', '2024-03-14 18:49:21'),
(357, 'D', 12, 1, 3, '1', '2024-03-14 18:49:21', '2024-03-14 18:49:21'),
(358, 'D', 13, 1, 3, '1', '2024-03-14 18:49:21', '2024-03-14 18:49:21'),
(359, 'D', 14, 1, 3, '1', '2024-03-14 18:49:21', '2024-03-14 18:49:21'),
(360, 'D', 15, 1, 3, '1', '2024-03-14 18:49:21', '2024-03-14 18:49:21'),
(361, 'E', 1, 2, 3, '1', '2024-03-14 18:49:21', '2024-03-14 18:49:21'),
(362, 'E', 2, 2, 3, '1', '2024-03-14 18:49:21', '2024-03-14 18:49:21'),
(363, 'E', 3, 2, 3, '1', '2024-03-14 18:49:21', '2024-03-14 18:49:21'),
(364, 'E', 4, 2, 3, '1', '2024-03-14 18:49:21', '2024-03-14 18:49:21'),
(365, 'E', 5, 2, 3, '1', '2024-03-14 18:49:21', '2024-03-14 18:49:21'),
(366, 'E', 6, 2, 3, '1', '2024-03-14 18:49:21', '2024-03-14 18:49:21'),
(367, 'E', 7, 2, 3, '1', '2024-03-14 18:49:21', '2024-03-14 18:49:21'),
(368, 'E', 8, 2, 3, '1', '2024-03-14 18:49:21', '2024-03-14 18:49:21'),
(369, 'E', 9, 2, 3, '1', '2024-03-14 18:49:21', '2024-03-14 18:49:21'),
(370, 'E', 10, 2, 3, '1', '2024-03-14 18:49:21', '2024-03-14 18:49:21'),
(371, 'E', 11, 2, 3, '1', '2024-03-14 18:49:21', '2024-03-14 18:49:21'),
(372, 'E', 12, 2, 3, '1', '2024-03-14 18:49:21', '2024-03-14 18:49:21'),
(373, 'E', 13, 2, 3, '1', '2024-03-14 18:49:21', '2024-03-14 18:49:21'),
(374, 'E', 14, 2, 3, '1', '2024-03-14 18:49:21', '2024-03-14 18:49:21'),
(375, 'E', 15, 2, 3, '1', '2024-03-14 18:49:21', '2024-03-14 18:49:21'),
(376, 'F', 1, 2, 3, '1', '2024-03-14 18:49:21', '2024-03-14 18:49:21'),
(377, 'F', 2, 2, 3, '1', '2024-03-14 18:49:21', '2024-03-14 18:49:21'),
(378, 'F', 3, 2, 3, '1', '2024-03-14 18:49:21', '2024-03-14 18:49:21'),
(379, 'F', 4, 2, 3, '1', '2024-03-14 18:49:21', '2024-03-14 18:49:21'),
(380, 'F', 5, 2, 3, '1', '2024-03-14 18:49:21', '2024-03-14 18:49:21'),
(381, 'F', 6, 2, 3, '1', '2024-03-14 18:49:21', '2024-03-14 18:49:21'),
(382, 'F', 7, 2, 3, '1', '2024-03-14 18:49:21', '2024-03-14 18:49:21'),
(383, 'F', 8, 2, 3, '1', '2024-03-14 18:49:21', '2024-03-14 18:49:21'),
(384, 'F', 9, 2, 3, '1', '2024-03-14 18:49:21', '2024-03-14 18:49:21'),
(385, 'F', 10, 2, 3, '1', '2024-03-14 18:49:21', '2024-03-14 18:49:21'),
(386, 'F', 11, 2, 3, '1', '2024-03-14 18:49:21', '2024-03-14 18:49:21'),
(387, 'F', 12, 2, 3, '1', '2024-03-14 18:49:21', '2024-03-14 18:49:21'),
(388, 'F', 13, 2, 3, '1', '2024-03-14 18:49:21', '2024-03-14 18:49:21'),
(389, 'F', 14, 2, 3, '1', '2024-03-14 18:49:21', '2024-03-14 18:49:21'),
(390, 'F', 15, 2, 3, '1', '2024-03-14 18:49:21', '2024-03-14 18:49:21'),
(391, 'G', 1, 2, 3, '1', '2024-03-14 18:49:21', '2024-03-14 18:49:21'),
(392, 'G', 2, 2, 3, '1', '2024-03-14 18:49:21', '2024-03-14 18:49:21'),
(393, 'G', 3, 2, 3, '1', '2024-03-14 18:49:21', '2024-03-14 18:49:21'),
(394, 'G', 4, 2, 3, '1', '2024-03-14 18:49:21', '2024-03-14 18:49:21'),
(395, 'G', 5, 2, 3, '1', '2024-03-14 18:49:21', '2024-03-14 18:49:21'),
(396, 'G', 6, 2, 3, '1', '2024-03-14 18:49:21', '2024-03-14 18:49:21'),
(397, 'G', 7, 2, 3, '1', '2024-03-14 18:49:21', '2024-03-14 18:49:21'),
(398, 'G', 8, 2, 3, '1', '2024-03-14 18:49:21', '2024-03-14 18:49:21'),
(399, 'G', 9, 2, 3, '1', '2024-03-14 18:49:21', '2024-03-14 18:49:21'),
(400, 'G', 10, 2, 3, '1', '2024-03-14 18:49:21', '2024-03-14 18:49:21'),
(401, 'G', 11, 2, 3, '1', '2024-03-14 18:49:21', '2024-03-14 18:49:21'),
(402, 'G', 12, 2, 3, '1', '2024-03-14 18:49:21', '2024-03-14 18:49:21'),
(403, 'G', 13, 2, 3, '1', '2024-03-14 18:49:21', '2024-03-14 18:49:21'),
(404, 'G', 14, 2, 3, '1', '2024-03-14 18:49:21', '2024-03-14 18:49:21'),
(405, 'G', 15, 2, 3, '1', '2024-03-14 18:49:21', '2024-03-14 18:49:21'),
(406, 'H', 1, 2, 3, '1', '2024-03-14 18:49:21', '2024-03-14 18:49:21'),
(407, 'H', 2, 2, 3, '1', '2024-03-14 18:49:21', '2024-03-14 18:49:21'),
(408, 'H', 3, 2, 3, '1', '2024-03-14 18:49:21', '2024-03-14 18:49:21'),
(409, 'H', 4, 2, 3, '1', '2024-03-14 18:49:21', '2024-03-14 18:49:21'),
(410, 'H', 5, 2, 3, '1', '2024-03-14 18:49:21', '2024-03-14 18:49:21'),
(411, 'H', 6, 2, 3, '1', '2024-03-14 18:49:21', '2024-03-14 18:49:21'),
(412, 'H', 7, 2, 3, '1', '2024-03-14 18:49:21', '2024-03-14 18:49:21'),
(413, 'H', 8, 2, 3, '1', '2024-03-14 18:49:21', '2024-03-14 18:49:21'),
(414, 'H', 9, 2, 3, '1', '2024-03-14 18:49:21', '2024-03-14 18:49:21'),
(415, 'H', 10, 2, 3, '1', '2024-03-14 18:49:21', '2024-03-14 18:49:21'),
(416, 'H', 11, 2, 3, '1', '2024-03-14 18:49:21', '2024-03-14 18:49:21'),
(417, 'H', 12, 2, 3, '1', '2024-03-14 18:49:21', '2024-03-14 18:49:21'),
(418, 'H', 13, 2, 3, '1', '2024-03-14 18:49:21', '2024-03-14 18:49:21'),
(419, 'H', 14, 2, 3, '1', '2024-03-14 18:49:21', '2024-03-14 18:49:21'),
(420, 'H', 15, 2, 3, '1', '2024-03-14 18:49:21', '2024-03-14 18:49:21'),
(421, 'I', 1, 2, 3, '1', '2024-03-14 18:49:21', '2024-03-14 18:49:21'),
(422, 'I', 2, 2, 3, '1', '2024-03-14 18:49:21', '2024-03-14 18:49:21'),
(423, 'I', 3, 2, 3, '1', '2024-03-14 18:49:21', '2024-03-14 18:49:21'),
(424, 'I', 4, 2, 3, '1', '2024-03-14 18:49:21', '2024-03-14 18:49:21'),
(425, 'I', 5, 2, 3, '1', '2024-03-14 18:49:21', '2024-03-14 18:49:21'),
(426, 'I', 6, 2, 3, '1', '2024-03-14 18:49:21', '2024-03-14 18:49:21'),
(427, 'I', 7, 2, 3, '1', '2024-03-14 18:49:21', '2024-03-14 18:49:21'),
(428, 'I', 8, 2, 3, '1', '2024-03-14 18:49:21', '2024-03-14 18:49:21'),
(429, 'I', 9, 2, 3, '1', '2024-03-14 18:49:21', '2024-03-14 18:49:21'),
(430, 'I', 10, 2, 3, '1', '2024-03-14 18:49:21', '2024-03-14 18:49:21'),
(431, 'I', 11, 2, 3, '1', '2024-03-14 18:49:21', '2024-03-14 18:49:21'),
(432, 'I', 12, 2, 3, '1', '2024-03-14 18:49:21', '2024-03-14 18:49:21'),
(433, 'I', 13, 2, 3, '1', '2024-03-14 18:49:21', '2024-03-14 18:49:21'),
(434, 'I', 14, 2, 3, '1', '2024-03-14 18:49:21', '2024-03-14 18:49:21'),
(435, 'I', 15, 2, 3, '1', '2024-03-14 18:49:21', '2024-03-14 18:49:21'),
(436, 'J', 1, 2, 3, '1', '2024-03-14 18:49:21', '2024-03-14 18:49:21'),
(437, 'J', 2, 2, 3, '1', '2024-03-14 18:49:21', '2024-03-14 18:49:21'),
(438, 'J', 3, 2, 3, '1', '2024-03-14 18:49:21', '2024-03-14 18:49:21'),
(439, 'J', 4, 2, 3, '1', '2024-03-14 18:49:21', '2024-03-14 18:49:21'),
(440, 'J', 5, 2, 3, '1', '2024-03-14 18:49:21', '2024-03-14 18:49:21'),
(441, 'J', 6, 2, 3, '1', '2024-03-14 18:49:21', '2024-03-14 18:49:21'),
(442, 'J', 7, 2, 3, '1', '2024-03-14 18:49:21', '2024-03-14 18:49:21'),
(443, 'J', 8, 2, 3, '1', '2024-03-14 18:49:21', '2024-03-14 18:49:21'),
(444, 'J', 9, 2, 3, '1', '2024-03-14 18:49:21', '2024-03-14 18:49:21'),
(445, 'J', 10, 2, 3, '1', '2024-03-14 18:49:21', '2024-03-14 18:49:21'),
(446, 'J', 11, 2, 3, '1', '2024-03-14 18:49:21', '2024-03-14 18:49:21'),
(447, 'J', 12, 2, 3, '1', '2024-03-14 18:49:21', '2024-03-14 18:49:21'),
(448, 'J', 13, 2, 3, '1', '2024-03-14 18:49:21', '2024-03-14 18:49:21'),
(449, 'J', 14, 2, 3, '1', '2024-03-14 18:49:21', '2024-03-14 18:49:21'),
(450, 'J', 15, 2, 3, '1', '2024-03-14 18:49:21', '2024-03-14 18:49:21');

-- --------------------------------------------------------

--
-- Cấu trúc bảng cho bảng `seattypes`
--

CREATE TABLE `seattypes` (
  `id` bigint(20) UNSIGNED NOT NULL,
  `name` varchar(255) NOT NULL,
  `surcharge` int(11) NOT NULL DEFAULT 0,
  `color` varchar(255) NOT NULL,
  `created_at` timestamp NULL DEFAULT NULL,
  `updated_at` timestamp NULL DEFAULT NULL
) ENGINE=InnoDB DEFAULT CHARSET=utf8mb4 COLLATE=utf8mb4_unicode_ci;

--
-- Đang đổ dữ liệu cho bảng `seattypes`
--

INSERT INTO `seattypes` (`id`, `name`, `surcharge`, `color`, `created_at`, `updated_at`) VALUES
(1, 'standard', 0, '#FFF0C7', NULL, NULL),
(2, 'vip', 20000, '#FFC8CB', NULL, NULL),
(3, 'couple', 30000, '#FF62B0', NULL, NULL);

-- --------------------------------------------------------

--
-- Cấu trúc bảng cho bảng `theaters`
--

CREATE TABLE `theaters` (
  `id` bigint(20) UNSIGNED NOT NULL,
  `name` varchar(255) NOT NULL,
  `address` varchar(255) NOT NULL,
  `city` varchar(255) NOT NULL,
  `location` text DEFAULT NULL,
  `status` tinyint(1) NOT NULL DEFAULT 0,
  `created_at` timestamp NULL DEFAULT NULL,
  `updated_at` timestamp NULL DEFAULT NULL
) ENGINE=InnoDB DEFAULT CHARSET=utf8mb4 COLLATE=utf8mb4_unicode_ci;

--
-- Đang đổ dữ liệu cho bảng `theaters`
--

INSERT INTO `theaters` (`id`, `name`, `address`, `city`, `location`, `status`, `created_at`, `updated_at`) VALUES
(1, 'Rạp Xuân Khánh', '3 Tháng 2, Xuân Khánh, Ninh Kiều', 'Cần Thơ', 'https://maps.app.goo.gl/QGZ9yEQRZWgSTP1U7', 1, '2024-02-22 19:20:27', '2024-03-14 18:22:33'),
(2, 'Rạp Hùng Vương', '2 Hùng Vương, Thới Bình, Ninh Kiều', 'Cần Thơ', 'https://maps.app.goo.gl/RszSRGAaFBUw9CBp7', 1, '2024-02-29 12:48:35', '2024-02-29 12:48:38'),
(3, 'Rạp Bình Thạnh', '188 Nguyễn Xí, Phường 26, Bình Thạnh', 'Hồ Chí Minh', 'https://maps.app.goo.gl/SUya5A2S8eagPTQVA', 1, '2024-02-29 19:48:02', '2024-02-29 19:48:03');

-- --------------------------------------------------------

--
-- Cấu trúc bảng cho bảng `ticketcombos`
--

CREATE TABLE `ticketcombos` (
  `comboName` varchar(255) NOT NULL,
  `quantity` int(11) NOT NULL DEFAULT 0,
  `ticket_id` bigint(20) UNSIGNED NOT NULL,
  `created_at` timestamp NULL DEFAULT NULL,
  `updated_at` timestamp NULL DEFAULT NULL
) ENGINE=InnoDB DEFAULT CHARSET=utf8mb4 COLLATE=utf8mb4_unicode_ci;

--
-- Đang đổ dữ liệu cho bảng `ticketcombos`
--

INSERT INTO `ticketcombos` (`comboName`, `quantity`, `ticket_id`, `created_at`, `updated_at`) VALUES
('Combo bắp nước', 1, 1, '2024-03-14 19:03:51', '2024-03-14 19:03:51'),
('Combo bắp nước', 0, 2, '2024-03-15 02:04:45', '2024-03-15 02:04:45'),
('Combo bắp nước', 1, 3, '2024-04-06 19:33:03', '2024-04-06 19:33:03'),
('Combo bắp nước', 1, 4, '2024-04-06 19:37:06', '2024-04-06 19:37:06'),
('Combo bắp nước', 1, 5, '2024-04-06 20:02:04', '2024-04-06 20:02:04'),
('Combo bắp nước', 1, 6, '2024-04-06 23:32:18', '2024-04-06 23:32:18'),
('Combo bắp nước', 1, 7, '2024-04-06 23:34:15', '2024-04-06 23:34:15'),
('Combo bắp nước', 1, 8, '2024-04-06 23:37:17', '2024-04-06 23:37:17'),
('Combo bắp nước', 1, 9, '2024-04-06 23:45:01', '2024-04-06 23:45:01'),
('Combo bắp nước', 1, 10, '2024-04-06 23:45:19', '2024-04-06 23:45:19'),
('Combo bắp nước', 1, 11, '2024-04-06 23:47:07', '2024-04-06 23:47:07'),
('Combo bắp nước', 1, 12, '2024-04-07 00:03:37', '2024-04-07 00:03:37'),
('Combo bắp nước', 1, 13, '2024-04-07 00:03:53', '2024-04-07 00:03:53'),
('Combo bắp nước', 1, 14, '2024-04-07 00:18:10', '2024-04-07 00:18:10'),
('Combo bắp nước', 1, 15, '2024-04-07 00:24:13', '2024-04-07 00:24:13'),
('Combo bắp nước', 1, 16, '2024-04-07 00:24:55', '2024-04-07 00:24:55'),
('Combo bắp nước', 1, 17, '2024-04-07 00:25:41', '2024-04-07 00:25:41'),
('Combo bắp nước', 1, 18, '2024-04-07 00:28:02', '2024-04-07 00:28:02'),
('Combo bắp nước', 1, 19, '2024-04-07 00:29:20', '2024-04-07 00:29:20'),
('Combo bắp nước', 1, 20, '2024-04-07 00:30:11', '2024-04-07 00:30:11'),
('Combo bắp nước', 1, 21, '2024-04-07 00:31:23', '2024-04-07 00:31:23'),
('Combo bắp nước', 1, 22, '2024-04-07 00:32:21', '2024-04-07 00:32:21'),
('Combo bắp nước', 1, 23, '2024-04-07 00:39:30', '2024-04-07 00:39:30'),
('Combo bắp nước', 1, 24, '2024-04-07 00:43:16', '2024-04-07 00:43:16');

-- --------------------------------------------------------

--
-- Cấu trúc bảng cho bảng `tickets`
--

CREATE TABLE `tickets` (
  `id` bigint(20) UNSIGNED NOT NULL,
  `schedule_id` bigint(20) UNSIGNED DEFAULT NULL,
  `user_id` bigint(20) UNSIGNED DEFAULT NULL,
  `status` tinyint(1) NOT NULL DEFAULT 0,
  `code` bigint(20) NOT NULL,
  `hasPaid` tinyint(1) NOT NULL DEFAULT 0,
  `payment` varchar(20) NOT NULL,
  `totalPrice` bigint(20) NOT NULL DEFAULT 0,
  `created_at` timestamp NULL DEFAULT NULL,
  `updated_at` timestamp NULL DEFAULT NULL
) ENGINE=InnoDB DEFAULT CHARSET=utf8mb4 COLLATE=utf8mb4_unicode_ci;

--
-- Đang đổ dữ liệu cho bảng `tickets`
--

INSERT INTO `tickets` (`id`, `schedule_id`, `user_id`, `status`, `code`, `hasPaid`, `payment`, `totalPrice`, `created_at`, `updated_at`) VALUES
(1, 6, 3, 1, 8351318703652054, 0, 'QR', 275000, '2024-03-14 19:03:51', '2024-04-14 06:46:09'),
(2, 41, 3, 1, 5571081478484460, 0, 'QR', 235000, '2024-03-15 02:04:45', '2024-04-14 06:46:09'),
(3, 45, 3, 1, 6963327713091335, 0, 'QR', 235000, '2024-04-06 19:33:02', '2024-04-14 06:46:09'),
(4, 45, 3, 1, 6934666767341284, 0, 'QR', 235000, '2024-04-06 19:37:06', '2024-04-14 06:46:09'),
(5, 45, 3, 1, 7124167061019160, 0, 'QR', 275000, '2024-04-06 20:02:04', '2024-04-14 06:46:09'),
(6, 46, 3, 1, 2102748373466030, 0, 'QR', 275000, '2024-04-06 23:32:18', '2024-04-14 06:46:09'),
(7, 46, 3, 1, 1585994331923332, 0, 'QR', 275000, '2024-04-06 23:34:15', '2024-04-14 06:46:09'),
(8, 46, 3, 1, 7670048745026475, 0, 'QR', 275000, '2024-04-06 23:37:17', '2024-04-14 06:46:09'),
(9, 46, 3, 1, 5808157019261795, 0, 'QR', 275000, '2024-04-06 23:45:01', '2024-04-14 06:46:09'),
(10, 46, 3, 1, 7916793739859102, 0, 'QR', 275000, '2024-04-06 23:45:19', '2024-04-14 06:46:09'),
(11, 46, 3, 1, 2415692513793839, 0, 'QR', 275000, '2024-04-06 23:47:07', '2024-04-14 06:46:09'),
(12, 46, 3, 1, 3661343528396817, 0, 'QR', 275000, '2024-04-07 00:03:37', '2024-04-14 06:46:09'),
(13, 46, 3, 1, 1660312265962280, 0, 'QR', 275000, '2024-04-07 00:03:53', '2024-04-14 06:46:09'),
(14, 46, 3, 1, 8323742089038358, 0, 'QR', 275000, '2024-04-07 00:18:10', '2024-04-14 06:46:09'),
(15, 46, 3, 1, 5368439512619178, 0, 'QR', 275000, '2024-04-07 00:24:13', '2024-04-14 06:46:09'),
(16, 46, 3, 1, 7938571188783105, 0, 'QR', 275000, '2024-04-07 00:24:55', '2024-04-14 06:46:09'),
(17, 46, 3, 1, 6301795622342977, 0, 'QR', 275000, '2024-04-07 00:25:41', '2024-04-14 06:46:09'),
(18, 46, 3, 1, 3811053693773296, 0, 'QR', 275000, '2024-04-07 00:28:02', '2024-04-14 06:46:09'),
(19, 46, 3, 1, 3770517518414154, 0, 'QR', 170000, '2024-04-07 00:29:20', '2024-04-14 06:46:09'),
(20, 46, 3, 1, 7710004542900047, 0, 'QR', 170000, '2024-04-07 00:30:11', '2024-04-14 06:46:09'),
(21, 46, 3, 1, 7893583512684217, 0, 'QR', 170000, '2024-04-07 00:31:23', '2024-04-14 06:46:09'),
(22, 46, 3, 1, 4351802552026799, 0, 'QR', 170000, '2024-04-07 00:32:21', '2024-04-14 06:46:09'),
(23, 46, 3, 1, 4068280881326518, 0, 'QR', 170000, '2024-04-07 00:39:30', '2024-04-14 06:46:09'),
(24, 46, 3, 1, 6740524016622015, 0, 'QR', 170000, '2024-04-07 00:43:16', '2024-04-14 06:46:09');

-- --------------------------------------------------------

--
-- Cấu trúc bảng cho bảng `ticketseats`
--

CREATE TABLE `ticketseats` (
  `row` varchar(255) NOT NULL,
  `col` int(11) NOT NULL,
  `price` int(11) NOT NULL DEFAULT 0,
  `ticket_id` bigint(20) UNSIGNED NOT NULL,
  `seatType` varchar(255) NOT NULL,
  `created_at` timestamp NULL DEFAULT NULL,
  `updated_at` timestamp NULL DEFAULT NULL
) ENGINE=InnoDB DEFAULT CHARSET=utf8mb4 COLLATE=utf8mb4_unicode_ci;

--
-- Đang đổ dữ liệu cho bảng `ticketseats`
--

INSERT INTO `ticketseats` (`row`, `col`, `price`, `ticket_id`, `seatType`, `created_at`, `updated_at`) VALUES
('E', 6, 105000, 1, 'vip', '2024-03-14 19:03:51', '2024-03-14 19:03:51'),
('E', 7, 105000, 1, 'vip', '2024-03-14 19:03:51', '2024-03-14 19:03:51'),
('A', 1, 85000, 2, 'standard', '2024-03-15 02:04:45', '2024-03-15 02:04:45'),
('A', 2, 85000, 2, 'standard', '2024-03-15 02:04:45', '2024-03-15 02:04:45'),
('A', 1, 85000, 3, 'standard', '2024-04-06 19:33:02', '2024-04-06 19:33:02'),
('A', 2, 85000, 3, 'standard', '2024-04-06 19:33:02', '2024-04-06 19:33:02'),
('A', 1, 85000, 4, 'standard', '2024-04-06 19:37:06', '2024-04-06 19:37:06'),
('A', 2, 85000, 4, 'standard', '2024-04-06 19:37:06', '2024-04-06 19:37:06'),
('G', 7, 105000, 5, 'vip', '2024-04-06 20:02:04', '2024-04-06 20:02:04'),
('G', 8, 105000, 5, 'vip', '2024-04-06 20:02:04', '2024-04-06 20:02:04'),
('E', 6, 105000, 6, 'vip', '2024-04-06 23:32:18', '2024-04-06 23:32:18'),
('E', 7, 105000, 6, 'vip', '2024-04-06 23:32:18', '2024-04-06 23:32:18'),
('E', 8, 105000, 7, 'vip', '2024-04-06 23:34:15', '2024-04-06 23:34:15'),
('E', 9, 105000, 7, 'vip', '2024-04-06 23:34:15', '2024-04-06 23:34:15'),
('E', 8, 105000, 8, 'vip', '2024-04-06 23:37:17', '2024-04-06 23:37:17'),
('E', 9, 105000, 8, 'vip', '2024-04-06 23:37:17', '2024-04-06 23:37:17'),
('E', 8, 105000, 9, 'vip', '2024-04-06 23:45:01', '2024-04-06 23:45:01'),
('E', 9, 105000, 9, 'vip', '2024-04-06 23:45:01', '2024-04-06 23:45:01'),
('E', 10, 105000, 10, 'vip', '2024-04-06 23:45:19', '2024-04-06 23:45:19'),
('E', 11, 105000, 10, 'vip', '2024-04-06 23:45:19', '2024-04-06 23:45:19'),
('E', 10, 105000, 11, 'vip', '2024-04-06 23:47:07', '2024-04-06 23:47:07'),
('E', 11, 105000, 11, 'vip', '2024-04-06 23:47:07', '2024-04-06 23:47:07'),
('E', 12, 105000, 12, 'vip', '2024-04-07 00:03:37', '2024-04-07 00:03:37'),
('E', 13, 105000, 12, 'vip', '2024-04-07 00:03:37', '2024-04-07 00:03:37'),
('E', 12, 105000, 13, 'vip', '2024-04-07 00:03:53', '2024-04-07 00:03:53'),
('E', 13, 105000, 13, 'vip', '2024-04-07 00:03:53', '2024-04-07 00:03:53'),
('E', 5, 105000, 14, 'vip', '2024-04-07 00:18:10', '2024-04-07 00:18:10'),
('E', 4, 105000, 14, 'vip', '2024-04-07 00:18:10', '2024-04-07 00:18:10'),
('E', 5, 105000, 15, 'vip', '2024-04-07 00:24:13', '2024-04-07 00:24:13'),
('E', 4, 105000, 15, 'vip', '2024-04-07 00:24:13', '2024-04-07 00:24:13'),
('E', 5, 105000, 16, 'vip', '2024-04-07 00:24:55', '2024-04-07 00:24:55'),
('E', 4, 105000, 16, 'vip', '2024-04-07 00:24:55', '2024-04-07 00:24:55'),
('E', 14, 105000, 17, 'vip', '2024-04-07 00:25:41', '2024-04-07 00:25:41'),
('E', 15, 105000, 17, 'vip', '2024-04-07 00:25:41', '2024-04-07 00:25:41'),
('E', 3, 105000, 18, 'vip', '2024-04-07 00:28:02', '2024-04-07 00:28:02'),
('E', 2, 105000, 18, 'vip', '2024-04-07 00:28:02', '2024-04-07 00:28:02'),
('E', 1, 105000, 19, 'vip', '2024-04-07 00:29:20', '2024-04-07 00:29:20'),
('F', 1, 105000, 20, 'vip', '2024-04-07 00:30:11', '2024-04-07 00:30:11'),
('F', 2, 105000, 21, 'vip', '2024-04-07 00:31:23', '2024-04-07 00:31:23'),
('F', 3, 105000, 22, 'vip', '2024-04-07 00:32:21', '2024-04-07 00:32:21'),
('F', 3, 105000, 23, 'vip', '2024-04-07 00:39:30', '2024-04-07 00:39:30'),
('F', 3, 105000, 24, 'vip', '2024-04-07 00:43:16', '2024-04-07 00:43:16');

-- --------------------------------------------------------

--
-- Cấu trúc bảng cho bảng `users`
--

CREATE TABLE `users` (
  `id` bigint(20) UNSIGNED NOT NULL,
  `fullname` varchar(255) NOT NULL,
  `password` varchar(255) NOT NULL,
  `email` varchar(255) NOT NULL,
  `phone` varchar(20) NOT NULL,
  `Birth` date DEFAULT NULL,
  `gender` varchar(255) DEFAULT NULL,
  `code` bigint(20) NOT NULL,
  `remember_token` varchar(100) DEFAULT NULL,
  `role` varchar(20) DEFAULT NULL,
  `created_at` timestamp NULL DEFAULT NULL,
  `updated_at` timestamp NULL DEFAULT NULL
) ENGINE=InnoDB DEFAULT CHARSET=utf8mb4 COLLATE=utf8mb4_unicode_ci;

--
-- Đang đổ dữ liệu cho bảng `users`
--

INSERT INTO `users` (`id`, `fullname`, `password`, `email`, `phone`, `Birth`, `gender`, `code`, `remember_token`, `role`, `created_at`, `updated_at`) VALUES
(0, 'admin', '$2y$10$ugOu8MTGUvRSNyZcJivy7.jQ.cWSfHAQt5JqU4dJ97mLAbORTGKDi', 'admin@gmail.com', '0901234567', NULL, 'Nam', 6565486925081587, NULL, 'admin', '2024-02-26 01:01:22', '2024-02-26 01:01:22'),
(1, 'phuchau', '$2y$10$NvNGIQv/xkqPRS2rmUq5TO7QwgQn7CYls1pLMCY4RGUaDz1pSs57C', 'nguyenmaiphuchau@gmail.com', '0907983329', NULL, 'Nam', 8433091621418560, NULL, 'user', '2024-02-26 01:03:20', '2024-02-26 01:03:20'),
(2, 'uyen', '$2y$10$BYcs/dhRlbnoQZja7t8zme3BVIo3xZ6x3Q6uspp/Xz7vI4tJOKjIe', 'phuonguyen8936@gmail.com', '0939564365', NULL, 'Nữ', 9113411350895860, NULL, 'user', '2024-02-26 01:10:15', '2024-02-26 01:10:15'),
(3, 'phuchau', '$2y$10$Ex0L461HK8hC1NgtpYD0JOHT5AMQxsx4jBdLg8L0YeAvxfhFhFGSy', 'haub2005712@student.ctu.edu.vn', '0902399093', NULL, 'Nam', 9592029019616304, NULL, 'user', '2024-03-14 19:00:50', '2024-03-14 19:00:50');

--
-- Chỉ mục cho các bảng đã đổ
--

--
-- Chỉ mục cho bảng `banners`
--
ALTER TABLE `banners`
  ADD PRIMARY KEY (`id`);

--
-- Chỉ mục cho bảng `combos`
--
ALTER TABLE `combos`
  ADD PRIMARY KEY (`id`);

--
-- Chỉ mục cho bảng `combo_details`
--
ALTER TABLE `combo_details`
  ADD KEY `combo_details_combo_id_foreign` (`combo_id`),
  ADD KEY `combo_details_food_id_foreign` (`food_id`);

--
-- Chỉ mục cho bảng `foods`
--
ALTER TABLE `foods`
  ADD PRIMARY KEY (`id`);

--
-- Chỉ mục cho bảng `info`
--
ALTER TABLE `info`
  ADD PRIMARY KEY (`id`);

--
-- Chỉ mục cho bảng `moviegenres_movies`
--
ALTER TABLE `moviegenres_movies`
  ADD KEY `moviegenres_movies_movie_id_foreign` (`movie_id`),
  ADD KEY `moviegenres_movies_moviegenre_id_foreign` (`movieGenre_id`);

--
-- Chỉ mục cho bảng `movies`
--
ALTER TABLE `movies`
  ADD PRIMARY KEY (`id`),
  ADD KEY `movies_rating_id_foreign` (`rating_id`);

--
-- Chỉ mục cho bảng `movie_genres`
--
ALTER TABLE `movie_genres`
  ADD PRIMARY KEY (`id`);

--
-- Chỉ mục cho bảng `prices`
--
ALTER TABLE `prices`
  ADD PRIMARY KEY (`id`);

--
-- Chỉ mục cho bảng `rating`
--
ALTER TABLE `rating`
  ADD PRIMARY KEY (`id`);

--
-- Chỉ mục cho bảng `rooms`
--
ALTER TABLE `rooms`
  ADD PRIMARY KEY (`id`),
  ADD KEY `rooms_roomtype_id_foreign` (`roomType_id`),
  ADD KEY `rooms_theater_id_foreign` (`theater_id`);

--
-- Chỉ mục cho bảng `roomtypes`
--
ALTER TABLE `roomtypes`
  ADD PRIMARY KEY (`id`);

--
-- Chỉ mục cho bảng `schedules`
--
ALTER TABLE `schedules`
  ADD PRIMARY KEY (`id`),
  ADD KEY `schedules_room_id_foreign` (`room_id`),
  ADD KEY `schedules_movie_id_foreign` (`movie_id`);

--
-- Chỉ mục cho bảng `seats`
--
ALTER TABLE `seats`
  ADD PRIMARY KEY (`id`),
  ADD KEY `seats_seattype_id_foreign` (`seatType_id`);

--
-- Chỉ mục cho bảng `seattypes`
--
ALTER TABLE `seattypes`
  ADD PRIMARY KEY (`id`);

--
-- Chỉ mục cho bảng `theaters`
--
ALTER TABLE `theaters`
  ADD PRIMARY KEY (`id`);

--
-- Chỉ mục cho bảng `ticketcombos`
--
ALTER TABLE `ticketcombos`
  ADD KEY `ticketcombos_ticket_id_foreign` (`ticket_id`);

--
-- Chỉ mục cho bảng `tickets`
--
ALTER TABLE `tickets`
  ADD PRIMARY KEY (`id`),
  ADD UNIQUE KEY `tickets_code_unique` (`code`),
  ADD KEY `tickets_schedule_id_foreign` (`schedule_id`),
  ADD KEY `tickets_user_id_foreign` (`user_id`),
  ADD KEY `tickets_combo_id_foreign` (`payment`);

--
-- Chỉ mục cho bảng `ticketseats`
--
ALTER TABLE `ticketseats`
  ADD KEY `ticketseats_ticket_id_foreign` (`ticket_id`);

--
-- Chỉ mục cho bảng `users`
--
ALTER TABLE `users`
  ADD PRIMARY KEY (`id`),
  ADD UNIQUE KEY `users_code_unique` (`code`),
  ADD UNIQUE KEY `users_email_unique` (`email`),
  ADD UNIQUE KEY `users_phone_unique` (`phone`);

--
-- AUTO_INCREMENT cho các bảng đã đổ
--

--
-- AUTO_INCREMENT cho bảng `banners`
--
ALTER TABLE `banners`
  MODIFY `id` bigint(20) UNSIGNED NOT NULL AUTO_INCREMENT, AUTO_INCREMENT=4;

--
-- AUTO_INCREMENT cho bảng `combos`
--
ALTER TABLE `combos`
  MODIFY `id` bigint(20) UNSIGNED NOT NULL AUTO_INCREMENT, AUTO_INCREMENT=2;

--
-- AUTO_INCREMENT cho bảng `foods`
--
ALTER TABLE `foods`
  MODIFY `id` bigint(20) UNSIGNED NOT NULL AUTO_INCREMENT, AUTO_INCREMENT=3;

--
-- AUTO_INCREMENT cho bảng `info`
--
ALTER TABLE `info`
  MODIFY `id` int(10) UNSIGNED NOT NULL AUTO_INCREMENT, AUTO_INCREMENT=2;

--
-- AUTO_INCREMENT cho bảng `movies`
--
ALTER TABLE `movies`
  MODIFY `id` bigint(20) UNSIGNED NOT NULL AUTO_INCREMENT, AUTO_INCREMENT=5;

--
-- AUTO_INCREMENT cho bảng `movie_genres`
--
ALTER TABLE `movie_genres`
  MODIFY `id` bigint(20) UNSIGNED NOT NULL AUTO_INCREMENT, AUTO_INCREMENT=23;

--
-- AUTO_INCREMENT cho bảng `prices`
--
ALTER TABLE `prices`
  MODIFY `id` bigint(20) UNSIGNED NOT NULL AUTO_INCREMENT, AUTO_INCREMENT=17;

--
-- AUTO_INCREMENT cho bảng `rating`
--
ALTER TABLE `rating`
  MODIFY `id` bigint(20) UNSIGNED NOT NULL AUTO_INCREMENT, AUTO_INCREMENT=6;

--
-- AUTO_INCREMENT cho bảng `rooms`
--
ALTER TABLE `rooms`
  MODIFY `id` bigint(20) UNSIGNED NOT NULL AUTO_INCREMENT, AUTO_INCREMENT=4;

--
-- AUTO_INCREMENT cho bảng `roomtypes`
--
ALTER TABLE `roomtypes`
  MODIFY `id` bigint(20) UNSIGNED NOT NULL AUTO_INCREMENT, AUTO_INCREMENT=5;

--
-- AUTO_INCREMENT cho bảng `schedules`
--
ALTER TABLE `schedules`
  MODIFY `id` bigint(20) UNSIGNED NOT NULL AUTO_INCREMENT, AUTO_INCREMENT=54;

--
-- AUTO_INCREMENT cho bảng `seats`
--
ALTER TABLE `seats`
  MODIFY `id` bigint(20) UNSIGNED NOT NULL AUTO_INCREMENT, AUTO_INCREMENT=451;

--
-- AUTO_INCREMENT cho bảng `seattypes`
--
ALTER TABLE `seattypes`
  MODIFY `id` bigint(20) UNSIGNED NOT NULL AUTO_INCREMENT, AUTO_INCREMENT=4;

--
-- AUTO_INCREMENT cho bảng `theaters`
--
ALTER TABLE `theaters`
  MODIFY `id` bigint(20) UNSIGNED NOT NULL AUTO_INCREMENT, AUTO_INCREMENT=4;

--
-- AUTO_INCREMENT cho bảng `tickets`
--
ALTER TABLE `tickets`
  MODIFY `id` bigint(20) UNSIGNED NOT NULL AUTO_INCREMENT, AUTO_INCREMENT=25;

--
-- AUTO_INCREMENT cho bảng `users`
--
ALTER TABLE `users`
  MODIFY `id` bigint(20) UNSIGNED NOT NULL AUTO_INCREMENT, AUTO_INCREMENT=4;

--
-- Các ràng buộc cho các bảng đã đổ
--

--
-- Các ràng buộc cho bảng `combo_details`
--
ALTER TABLE `combo_details`
  ADD CONSTRAINT `combo_details_combo_id_foreign` FOREIGN KEY (`combo_id`) REFERENCES `combos` (`id`) ON DELETE CASCADE,
  ADD CONSTRAINT `combo_details_food_id_foreign` FOREIGN KEY (`food_id`) REFERENCES `foods` (`id`);

--
-- Các ràng buộc cho bảng `movies`
--
ALTER TABLE `movies`
  ADD CONSTRAINT `movies_rating_id_foreign` FOREIGN KEY (`rating_id`) REFERENCES `rating` (`id`);

--
-- Các ràng buộc cho bảng `ticketseats`
--
ALTER TABLE `ticketseats`
  ADD CONSTRAINT `ticketseats_ticket_id_foreign` FOREIGN KEY (`ticket_id`) REFERENCES `tickets` (`id`) ON DELETE CASCADE;
COMMIT;

/*!40101 SET CHARACTER_SET_CLIENT=@OLD_CHARACTER_SET_CLIENT */;
/*!40101 SET CHARACTER_SET_RESULTS=@OLD_CHARACTER_SET_RESULTS */;
/*!40101 SET COLLATION_CONNECTION=@OLD_COLLATION_CONNECTION */;
